Latitude,Longitude,Elevation (m),Timestamp,Heart Rate,Power
63.4143970,10.4162730,78.6,2023-09-05T10:07:20Z,70,0
63.4144080,10.4162780,78.6,2023-09-05T10:07:21Z,70,0
63.4144300,10.4162550,78.6,2023-09-05T10:07:22Z,70,32
63.4144430,10.4162370,78.6,2023-09-05T10:07:23Z,69,40
63.4144670,10.4162320,78.6,2023-09-05T10:07:24Z,70,60
63.4144850,10.4162280,78.6,2023-09-05T10:07:25Z,69,76
63.4145100,10.4162100,78.6,2023-09-05T10:07:26Z,69,140
63.4145320,10.4161820,78.6,2023-09-05T10:07:27Z,69,200
63.4145550,10.4161370,78.6,2023-09-05T10:07:28Z,69,260
63.4145920,10.4161180,78.6,2023-09-05T10:07:29Z,69,302
63.4146320,10.4161180,78.6,2023-09-05T10:07:30Z,69,342
63.4146720,10.4161000,78.6,2023-09-05T10:07:31Z,69,336
63.4147080,10.4160750,78.6,2023-09-05T10:07:32Z,69,336
63.4147450,10.4160520,78.6,2023-09-05T10:07:33Z,69,330
63.4148030,10.4160020,78.6,2023-09-05T10:07:34Z,72,338
63.4148500,10.4159530,78.6,2023-09-05T10:07:35Z,75,344
63.4148880,10.4159050,78.6,2023-09-05T10:07:36Z,76,348
63.4149220,10.4158470,78.6,2023-09-05T10:07:37Z,76,350
63.4149370,10.4157750,78.6,2023-09-05T10:07:38Z,77,350
63.4149550,10.4157170,79.7,2023-09-05T10:07:39Z,78,340
63.4149680,10.4156680,79.7,2023-09-05T10:07:40Z,82,322
63.4149850,10.4156350,79.7,2023-09-05T10:07:41Z,84,296
63.4150080,10.4156080,79.7,2023-09-05T10:07:42Z,84,272
63.4150300,10.4155800,79.7,2023-09-05T10:07:43Z,85,246
63.4150500,10.4155370,79.7,2023-09-05T10:07:44Z,86,236
63.4150670,10.4154780,80.6,2023-09-05T10:07:45Z,89,242
63.4151000,10.4153970,80.6,2023-09-05T10:07:46Z,91,254
63.4151330,10.4153320,80.6,2023-09-05T10:07:47Z,91,270
63.4151680,10.4152700,80.6,2023-09-05T10:07:48Z,93,284
63.4152030,10.4152150,80.6,2023-09-05T10:07:49Z,96,294
63.4152370,10.4151680,80.6,2023-09-05T10:07:50Z,100,304
63.4152630,10.4151150,81.7,2023-09-05T10:07:51Z,101,316
63.4152930,10.4150620,81.7,2023-09-05T10:07:52Z,101,330
63.4153200,10.4150250,81.7,2023-09-05T10:07:53Z,104,340
63.4153470,10.4149920,81.7,2023-09-05T10:07:54Z,108,354
63.4153770,10.4149620,82.8,2023-09-05T10:07:55Z,114,360
63.4154130,10.4149530,82.8,2023-09-05T10:07:56Z,116,364
63.4154500,10.4149630,82.8,2023-09-05T10:07:57Z,116,376
63.4154820,10.4149830,82.8,2023-09-05T10:07:58Z,116,386
63.4155150,10.4150180,83.7,2023-09-05T10:07:59Z,116,400
63.4155550,10.4150750,83.7,2023-09-05T10:08:00Z,116,408
63.4155850,10.4151220,83.7,2023-09-05T10:08:01Z,116,404
63.4156130,10.4151700,83.7,2023-09-05T10:08:02Z,116,404
63.4156330,10.4152130,83.7,2023-09-05T10:08:03Z,116,406
63.4156580,10.4152650,83.7,2023-09-05T10:08:04Z,115,412
63.4156770,10.4153070,84.7,2023-09-05T10:08:05Z,116,412
63.4156920,10.4153470,84.7,2023-09-05T10:08:06Z,117,382
63.4157100,10.4153820,84.7,2023-09-05T10:08:07Z,117,350
63.4157300,10.4154200,84.7,2023-09-05T10:08:08Z,118,340
63.4157550,10.4154530,85.7,2023-09-05T10:08:09Z,119,336
63.4157850,10.4154820,85.7,2023-09-05T10:08:10Z,120,328
63.4158120,10.4155080,85.7,2023-09-05T10:08:11Z,122,348
63.4158320,10.4155280,85.7,2023-09-05T10:08:12Z,122,352
63.4158570,10.4155370,85.7,2023-09-05T10:08:13Z,124,354
63.4158900,10.4155550,85.7,2023-09-05T10:08:14Z,125,356
63.4159130,10.4155700,86.7,2023-09-05T10:08:15Z,127,358
63.4159370,10.4155850,86.7,2023-09-05T10:08:16Z,128,362
63.4159530,10.4156020,86.7,2023-09-05T10:08:17Z,128,366
63.4159700,10.4156180,86.7,2023-09-05T10:08:18Z,130,368
63.4159900,10.4156320,87.6,2023-09-05T10:08:19Z,131,374
63.4160200,10.4156430,87.6,2023-09-05T10:08:20Z,133,376
63.4160450,10.4156550,87.6,2023-09-05T10:08:21Z,134,376
63.4160650,10.4156700,87.6,2023-09-05T10:08:22Z,134,378
63.4160780,10.4156870,88.7,2023-09-05T10:08:23Z,134,380
63.4161020,10.4157120,88.7,2023-09-05T10:08:24Z,135,386
63.4161220,10.4157350,89.6,2023-09-05T10:08:25Z,137,390
63.4161400,10.4157570,89.6,2023-09-05T10:08:26Z,138,390
63.4161570,10.4157730,89.6,2023-09-05T10:08:27Z,138,392
63.4161750,10.4157830,89.6,2023-09-05T10:08:28Z,138,392
63.4161970,10.4157870,90.7,2023-09-05T10:08:29Z,139,386
63.4162170,10.4157850,90.7,2023-09-05T10:08:30Z,140,382
63.4162350,10.4157800,90.7,2023-09-05T10:08:31Z,141,376
63.4162550,10.4157670,90.7,2023-09-05T10:08:32Z,141,374
63.4162720,10.4157530,91.7,2023-09-05T10:08:33Z,141,372
63.4162850,10.4157430,91.7,2023-09-05T10:08:34Z,142,368
63.4163020,10.4157370,91.7,2023-09-05T10:08:35Z,142,350
63.4163180,10.4157330,91.7,2023-09-05T10:08:36Z,142,338
63.4163400,10.4157320,92.7,2023-09-05T10:08:37Z,142,332
63.4163780,10.4157320,92.7,2023-09-05T10:08:38Z,143,350
63.4164120,10.4157280,92.7,2023-09-05T10:08:39Z,143,368
63.4164380,10.4157170,92.7,2023-09-05T10:08:40Z,143,384
63.4164570,10.4156880,93.7,2023-09-05T10:08:41Z,143,400
63.4164750,10.4156580,93.7,2023-09-05T10:08:42Z,143,410
63.4165020,10.4156270,93.7,2023-09-05T10:08:43Z,144,410
63.4165330,10.4156020,93.7,2023-09-05T10:08:44Z,144,414
63.4165600,10.4155800,94.6,2023-09-05T10:08:45Z,144,416
63.4165900,10.4155700,94.6,2023-09-05T10:08:46Z,145,422
63.4166200,10.4155520,94.6,2023-09-05T10:08:47Z,145,426
63.4166430,10.4155320,94.6,2023-09-05T10:08:48Z,145,428
63.4166700,10.4155120,95.7,2023-09-05T10:08:49Z,145,442
63.4166980,10.4154920,95.7,2023-09-05T10:08:50Z,145,454
63.4167230,10.4154680,95.7,2023-09-05T10:08:51Z,144,454
63.4167450,10.4154480,95.7,2023-09-05T10:08:52Z,144,450
63.4167650,10.4154270,96.6,2023-09-05T10:08:53Z,144,444
63.4167850,10.4154020,96.6,2023-09-05T10:08:54Z,144,434
63.4168100,10.4153820,96.6,2023-09-05T10:08:55Z,143,426
63.4168430,10.4153580,96.6,2023-09-05T10:08:56Z,144,420
63.4168720,10.4153450,97.7,2023-09-05T10:08:57Z,144,416
63.4168950,10.4153420,97.7,2023-09-05T10:08:58Z,144,420
63.4169230,10.4153370,98.6,2023-09-05T10:08:59Z,144,424
63.4169480,10.4153330,98.6,2023-09-05T10:09:00Z,145,426
63.4169630,10.4153180,98.6,2023-09-05T10:09:01Z,145,424
63.4169780,10.4153000,98.6,2023-09-05T10:09:02Z,146,424
63.4170020,10.4152780,99.7,2023-09-05T10:09:03Z,146,424
63.4170280,10.4152580,99.7,2023-09-05T10:09:04Z,146,424
63.4170580,10.4152350,99.7,2023-09-05T10:09:05Z,148,420
63.4170870,10.4152180,99.7,2023-09-05T10:09:06Z,149,422
63.4171130,10.4152080,100.7,2023-09-05T10:09:07Z,150,420
63.4171500,10.4152080,100.7,2023-09-05T10:09:08Z,150,418
63.4171770,10.4152150,100.7,2023-09-05T10:09:09Z,150,418
63.4172020,10.4152270,100.7,2023-09-05T10:09:10Z,151,414
63.4172320,10.4152470,100.7,2023-09-05T10:09:11Z,151,408
63.4172530,10.4152630,100.7,2023-09-05T10:09:12Z,152,404
63.4172850,10.4152770,100.7,2023-09-05T10:09:13Z,152,400
63.4173130,10.4152680,100.7,2023-09-05T10:09:14Z,153,394
63.4173350,10.4152520,100.7,2023-09-05T10:09:15Z,153,388
63.4173670,10.4152250,100.7,2023-09-05T10:09:16Z,154,384
63.4173900,10.4151900,100.7,2023-09-05T10:09:17Z,154,378
63.4174150,10.4151300,100.7,2023-09-05T10:09:18Z,154,370
63.4174370,10.4150600,100.7,2023-09-05T10:09:19Z,154,366
63.4174500,10.4150150,100.7,2023-09-05T10:09:20Z,155,362
63.4174780,10.4149450,100.7,2023-09-05T10:09:21Z,155,360
63.4174980,10.4148970,100.7,2023-09-05T10:09:22Z,155,360
63.4175220,10.4148350,100.7,2023-09-05T10:09:23Z,155,358
63.4175430,10.4147830,100.7,2023-09-05T10:09:24Z,154,358
63.4175650,10.4147430,100.7,2023-09-05T10:09:25Z,153,362
63.4175880,10.4147100,100.7,2023-09-05T10:09:26Z,153,356
63.4176100,10.4146770,100.7,2023-09-05T10:09:27Z,153,346
63.4176330,10.4146380,100.7,2023-09-05T10:09:28Z,153,334
63.4176580,10.4145980,100.7,2023-09-05T10:09:29Z,153,328
63.4176870,10.4145450,100.7,2023-09-05T10:09:30Z,152,322
63.4177050,10.4145100,100.7,2023-09-05T10:09:31Z,152,318
63.4177320,10.4144770,100.7,2023-09-05T10:09:32Z,151,314
63.4177570,10.4144400,100.7,2023-09-05T10:09:33Z,151,314
63.4177830,10.4143980,100.7,2023-09-05T10:09:34Z,151,314
63.4178080,10.4143530,100.7,2023-09-05T10:09:35Z,150,310
63.4178400,10.4143000,100.7,2023-09-05T10:09:36Z,150,306
63.4178620,10.4142720,100.7,2023-09-05T10:09:37Z,149,304
63.4178880,10.4142350,100.7,2023-09-05T10:09:38Z,149,302
63.4179230,10.4142000,100.7,2023-09-05T10:09:39Z,150,304
63.4179600,10.4141780,100.7,2023-09-05T10:09:40Z,151,306
63.4179930,10.4141620,100.7,2023-09-05T10:09:41Z,151,308
63.4180250,10.4141400,99.7,2023-09-05T10:09:42Z,152,316
63.4180550,10.4141100,99.7,2023-09-05T10:09:43Z,152,322
63.4180800,10.4140730,99.7,2023-09-05T10:09:44Z,152,322
63.4181020,10.4140300,99.7,2023-09-05T10:09:45Z,152,324
63.4181270,10.4139880,99.7,2023-09-05T10:09:46Z,151,324
63.4181530,10.4139420,99.7,2023-09-05T10:09:47Z,151,324
63.4181870,10.4138980,99.7,2023-09-05T10:09:48Z,151,326
63.4182200,10.4138600,99.7,2023-09-05T10:09:49Z,151,328
63.4182450,10.4138180,99.7,2023-09-05T10:09:50Z,151,332
63.4182680,10.4137670,99.7,2023-09-05T10:09:51Z,150,334
63.4182970,10.4137070,99.7,2023-09-05T10:09:52Z,150,332
63.4183130,10.4136500,99.7,2023-09-05T10:09:53Z,150,328
63.4183250,10.4135720,99.7,2023-09-05T10:09:54Z,151,324
63.4183520,10.4134900,99.7,2023-09-05T10:09:55Z,151,320
63.4183870,10.4134320,98.6,2023-09-05T10:09:56Z,152,318
63.4184200,10.4133670,98.6,2023-09-05T10:09:57Z,153,318
63.4184520,10.4133200,98.6,2023-09-05T10:09:58Z,153,314
63.4184730,10.4132870,98.6,2023-09-05T10:09:59Z,154,310
63.4185070,10.4132500,97.7,2023-09-05T10:10:00Z,154,306
63.4185470,10.4132170,97.7,2023-09-05T10:10:01Z,155,302
63.4185800,10.4131930,97.7,2023-09-05T10:10:02Z,155,300
63.4186230,10.4131730,97.7,2023-09-05T10:10:03Z,155,300
63.4186750,10.4131380,96.6,2023-09-05T10:10:04Z,156,300
63.4187070,10.4130920,96.6,2023-09-05T10:10:05Z,156,302
63.4187350,10.4130530,96.6,2023-09-05T10:10:06Z,157,304
63.4187670,10.4130130,96.6,2023-09-05T10:10:07Z,156,304
63.4187930,10.4129670,95.7,2023-09-05T10:10:08Z,156,304
63.4188300,10.4129080,95.7,2023-09-05T10:10:09Z,157,304
63.4188570,10.4128770,95.7,2023-09-05T10:10:10Z,155,302
63.4188920,10.4128270,95.7,2023-09-05T10:10:11Z,155,302
63.4189170,10.4127880,94.6,2023-09-05T10:10:12Z,154,300
63.4189450,10.4127450,94.6,2023-09-05T10:10:13Z,154,296
63.4189830,10.4126830,94.6,2023-09-05T10:10:14Z,155,290
63.4190120,10.4126370,94.6,2023-09-05T10:10:15Z,155,290
63.4190420,10.4125850,94.6,2023-09-05T10:10:16Z,155,288
63.4190600,10.4125370,94.6,2023-09-05T10:10:17Z,155,288
63.4190900,10.4124720,93.7,2023-09-05T10:10:18Z,155,288
63.4191130,10.4124330,93.7,2023-09-05T10:10:19Z,155,290
63.4191420,10.4123880,93.7,2023-09-05T10:10:20Z,155,288
63.4191780,10.4123430,93.7,2023-09-05T10:10:21Z,155,290
63.4192000,10.4123100,92.7,2023-09-05T10:10:22Z,155,290
63.4192280,10.4122650,92.7,2023-09-05T10:10:23Z,155,290
63.4192630,10.4122150,92.7,2023-09-05T10:10:24Z,155,288
63.4192830,10.4121820,92.7,2023-09-05T10:10:25Z,156,290
63.4193100,10.4121420,92.7,2023-09-05T10:10:26Z,155,292
63.4193370,10.4121050,92.7,2023-09-05T10:10:27Z,154,294
63.4193680,10.4120680,91.7,2023-09-05T10:10:28Z,154,294
63.4193970,10.4120380,91.7,2023-09-05T10:10:29Z,154,294
63.4194250,10.4120020,91.7,2023-09-05T10:10:30Z,153,294
63.4194530,10.4119650,91.7,2023-09-05T10:10:31Z,153,294
63.4194830,10.4119270,90.7,2023-09-05T10:10:32Z,152,294
63.4195100,10.4118900,90.7,2023-09-05T10:10:33Z,152,292
63.4195400,10.4118550,90.7,2023-09-05T10:10:34Z,152,290
63.4195750,10.4118200,90.7,2023-09-05T10:10:35Z,151,286
63.4196000,10.4118030,89.6,2023-09-05T10:10:36Z,151,280
63.4196320,10.4117850,89.6,2023-09-05T10:10:37Z,151,278
63.4196630,10.4117700,89.6,2023-09-05T10:10:38Z,151,274
63.4196920,10.4117620,89.6,2023-09-05T10:10:39Z,151,268
63.4197250,10.4117550,88.7,2023-09-05T10:10:40Z,150,268
63.4197600,10.4117330,88.7,2023-09-05T10:10:41Z,150,268
63.4197980,10.4117180,88.7,2023-09-05T10:10:42Z,149,266
63.4198380,10.4117080,88.7,2023-09-05T10:10:43Z,149,266
63.4198750,10.4117080,88.7,2023-09-05T10:10:44Z,149,268
63.4199030,10.4117080,88.7,2023-09-05T10:10:45Z,149,268
63.4199400,10.4117000,88.7,2023-09-05T10:10:46Z,149,270
63.4199700,10.4117000,88.7,2023-09-05T10:10:47Z,149,272
63.4200030,10.4117000,87.6,2023-09-05T10:10:48Z,149,270
63.4200400,10.4117050,87.6,2023-09-05T10:10:49Z,149,274
63.4200800,10.4117130,87.6,2023-09-05T10:10:50Z,149,274
63.4201180,10.4117250,87.6,2023-09-05T10:10:51Z,149,274
63.4201600,10.4117420,86.7,2023-09-05T10:10:52Z,149,276
63.4202000,10.4117600,86.7,2023-09-05T10:10:53Z,149,278
63.4202420,10.4117830,86.7,2023-09-05T10:10:54Z,149,282
63.4202780,10.4118100,86.7,2023-09-05T10:10:55Z,149,284
63.4203170,10.4118330,85.7,2023-09-05T10:10:56Z,149,286
63.4203500,10.4118630,85.7,2023-09-05T10:10:57Z,149,286
63.4203800,10.4118900,85.7,2023-09-05T10:10:58Z,149,288
63.4204180,10.4119100,85.7,2023-09-05T10:10:59Z,149,290
63.4204530,10.4119330,84.7,2023-09-05T10:11:00Z,148,290
63.4204870,10.4119470,84.7,2023-09-05T10:11:01Z,147,292
63.4205180,10.4119520,84.7,2023-09-05T10:11:02Z,147,292
63.4205580,10.4119720,84.7,2023-09-05T10:11:03Z,147,294
63.4205980,10.4119970,83.7,2023-09-05T10:11:04Z,146,294
63.4206330,10.4120080,83.7,2023-09-05T10:11:05Z,145,296
63.4206750,10.4120280,83.7,2023-09-05T10:11:06Z,145,296
63.4207100,10.4120470,83.7,2023-09-05T10:11:07Z,145,294
63.4207430,10.4120550,82.8,2023-09-05T10:11:08Z,145,292
63.4207750,10.4120570,82.8,2023-09-05T10:11:09Z,145,288
63.4208080,10.4120620,81.7,2023-09-05T10:11:10Z,145,282
63.4208480,10.4120800,81.7,2023-09-05T10:11:11Z,146,278
63.4208920,10.4121000,81.7,2023-09-05T10:11:12Z,146,278
63.4209330,10.4121250,81.7,2023-09-05T10:11:13Z,146,278
63.4209620,10.4121450,81.7,2023-09-05T10:11:14Z,146,282
63.4209970,10.4121720,81.7,2023-09-05T10:11:15Z,147,282
63.4210300,10.4121920,80.6,2023-09-05T10:11:16Z,147,282
63.4210670,10.4122130,80.6,2023-09-05T10:11:17Z,147,284
63.4211030,10.4122320,80.6,2023-09-05T10:11:18Z,147,286
63.4211350,10.4122430,80.6,2023-09-05T10:11:19Z,148,284
63.4211830,10.4122620,79.7,2023-09-05T10:11:20Z,150,288
63.4212180,10.4122780,79.7,2023-09-05T10:11:21Z,151,292
63.4212530,10.4122880,79.7,2023-09-05T10:11:22Z,151,294
63.4212870,10.4122950,79.7,2023-09-05T10:11:23Z,151,296
63.4213220,10.4123020,79.7,2023-09-05T10:11:24Z,152,300
63.4213520,10.4123070,79.7,2023-09-05T10:11:25Z,153,300
63.4213850,10.4123080,78.6,2023-09-05T10:11:26Z,153,300
63.4214220,10.4123070,78.6,2023-09-05T10:11:27Z,153,300
63.4214550,10.4123080,78.6,2023-09-05T10:11:28Z,153,298
63.4214920,10.4123230,78.6,2023-09-05T10:11:29Z,153,296
63.4215330,10.4123380,77.7,2023-09-05T10:11:30Z,153,292
63.4215720,10.4123670,77.7,2023-09-05T10:11:31Z,153,288
63.4216100,10.4123850,76.7,2023-09-05T10:11:32Z,153,286
63.4216470,10.4123980,76.7,2023-09-05T10:11:33Z,153,286
63.4216800,10.4124100,76.7,2023-09-05T10:11:34Z,153,284
63.4217230,10.4124200,76.7,2023-09-05T10:11:35Z,153,288
63.4217650,10.4124350,75.7,2023-09-05T10:11:36Z,153,288
63.4218030,10.4124470,75.7,2023-09-05T10:11:37Z,153,288
63.4218400,10.4124580,75.7,2023-09-05T10:11:38Z,153,288
63.4218770,10.4124770,75.7,2023-09-05T10:11:39Z,153,288
63.4219180,10.4125000,75.7,2023-09-05T10:11:40Z,153,288
63.4219470,10.4125200,74.7,2023-09-05T10:11:41Z,153,288
63.4219830,10.4125470,74.7,2023-09-05T10:11:42Z,153,286
63.4220200,10.4125720,74.7,2023-09-05T10:11:43Z,153,286
63.4220630,10.4125980,74.7,2023-09-05T10:11:44Z,153,290
63.4220950,10.4126100,73.6,2023-09-05T10:11:45Z,153,292
63.4221150,10.4126180,73.6,2023-09-05T10:11:46Z,153,290
63.4221420,10.4126220,73.6,2023-09-05T10:11:47Z,154,286
63.4221700,10.4126220,73.6,2023-09-05T10:11:48Z,154,284
63.4222000,10.4126230,73.6,2023-09-05T10:11:49Z,154,276
63.4222330,10.4126370,73.6,2023-09-05T10:11:50Z,154,272
63.4222700,10.4126580,72.7,2023-09-05T10:11:51Z,155,270
63.4223020,10.4126780,72.7,2023-09-05T10:11:52Z,155,268
63.4223480,10.4126930,72.7,2023-09-05T10:11:53Z,155,272
63.4223830,10.4127100,72.7,2023-09-05T10:11:54Z,155,274
63.4224170,10.4127380,71.6,2023-09-05T10:11:55Z,155,274
63.4224430,10.4127720,71.6,2023-09-05T10:11:56Z,155,276
63.4224770,10.4128300,71.6,2023-09-05T10:11:57Z,156,278
63.4225020,10.4128900,71.6,2023-09-05T10:11:58Z,156,282
63.4225250,10.4129570,71.6,2023-09-05T10:11:59Z,156,294
63.4225450,10.4130270,71.6,2023-09-05T10:12:00Z,156,304
63.4225620,10.4130850,71.6,2023-09-05T10:12:01Z,157,318
63.4225870,10.4131720,71.6,2023-09-05T10:12:02Z,157,334
63.4226120,10.4132420,71.6,2023-09-05T10:12:03Z,157,352
63.4226350,10.4133080,71.6,2023-09-05T10:12:04Z,157,372
63.4226580,10.4133720,72.7,2023-09-05T10:12:05Z,157,390
63.4226750,10.4134230,72.7,2023-09-05T10:12:06Z,157,400
63.4226930,10.4134850,72.7,2023-09-05T10:12:07Z,157,406
63.4227130,10.4135430,72.7,2023-09-05T10:12:08Z,157,412
63.4227370,10.4136000,72.7,2023-09-05T10:12:09Z,156,412
63.4227630,10.4136500,72.7,2023-09-05T10:12:10Z,156,414
63.4227880,10.4137000,72.7,2023-09-05T10:12:11Z,155,412
63.4228080,10.4137530,72.7,2023-09-05T10:12:12Z,155,414
63.4228270,10.4138080,73.6,2023-09-05T10:12:13Z,155,410
63.4228450,10.4138650,73.6,2023-09-05T10:12:14Z,155,404
63.4228630,10.4139180,73.6,2023-09-05T10:12:15Z,154,396
63.4228820,10.4139730,73.6,2023-09-05T10:12:16Z,154,392
63.4229030,10.4140350,73.6,2023-09-05T10:12:17Z,154,388
63.4229200,10.4140700,73.6,2023-09-05T10:12:18Z,154,378
63.4229420,10.4141170,73.6,2023-09-05T10:12:19Z,154,370
63.4229630,10.4141680,73.6,2023-09-05T10:12:20Z,153,366
63.4229870,10.4142230,74.7,2023-09-05T10:12:21Z,153,370
63.4230130,10.4142780,74.7,2023-09-05T10:12:22Z,153,380
63.4230380,10.4143300,74.7,2023-09-05T10:12:23Z,153,390
63.4230620,10.4143780,74.7,2023-09-05T10:12:24Z,152,398
63.4230800,10.4144250,74.7,2023-09-05T10:12:25Z,152,402
63.4231000,10.4144720,74.7,2023-09-05T10:12:26Z,152,402
63.4231150,10.4145180,74.7,2023-09-05T10:12:27Z,152,400
63.4231220,10.4145620,74.7,2023-09-05T10:12:28Z,152,396
63.4231280,10.4146070,74.7,2023-09-05T10:12:29Z,152,386
63.4231450,10.4146570,74.7,2023-09-05T10:12:30Z,153,382
63.4231620,10.4147000,75.7,2023-09-05T10:12:31Z,153,376
63.4231780,10.4147380,75.7,2023-09-05T10:12:32Z,154,370
63.4231980,10.4147780,75.7,2023-09-05T10:12:33Z,154,368
63.4232200,10.4148200,75.7,2023-09-05T10:12:34Z,154,364
63.4232380,10.4148530,75.7,2023-09-05T10:12:35Z,155,360
63.4232570,10.4148850,75.7,2023-09-05T10:12:36Z,155,358
63.4232750,10.4149200,75.7,2023-09-05T10:12:37Z,156,354
63.4232920,10.4149570,75.7,2023-09-05T10:12:38Z,156,352
63.4233080,10.4149950,76.7,2023-09-05T10:12:39Z,157,354
63.4233300,10.4150280,76.7,2023-09-05T10:12:40Z,157,350
63.4233480,10.4150630,76.7,2023-09-05T10:12:41Z,158,346
63.4233630,10.4150970,76.7,2023-09-05T10:12:42Z,158,340
63.4233780,10.4151320,76.7,2023-09-05T10:12:43Z,158,334
63.4233980,10.4151670,76.7,2023-09-05T10:12:44Z,158,330
63.4234230,10.4152020,76.7,2023-09-05T10:12:45Z,158,330
63.4234500,10.4152350,76.7,2023-09-05T10:12:46Z,159,328
63.4234730,10.4152730,76.7,2023-09-05T10:12:47Z,159,328
63.4234950,10.4153120,76.7,2023-09-05T10:12:48Z,159,330
63.4235200,10.4153530,76.7,2023-09-05T10:12:49Z,159,332
63.4235380,10.4153730,76.7,2023-09-05T10:12:50Z,160,330
63.4235630,10.4153980,77.7,2023-09-05T10:12:51Z,160,330
63.4235880,10.4154270,77.7,2023-09-05T10:12:52Z,160,330
63.4236100,10.4154500,77.7,2023-09-05T10:12:53Z,160,328
63.4236230,10.4154680,77.7,2023-09-05T10:12:54Z,160,324
63.4236470,10.4154970,78.6,2023-09-05T10:12:55Z,160,324
63.4236700,10.4155220,78.6,2023-09-05T10:12:56Z,160,322
63.4236920,10.4155480,78.6,2023-09-05T10:12:57Z,160,324
63.4237200,10.4155820,78.6,2023-09-05T10:12:58Z,160,326
63.4237520,10.4156230,78.6,2023-09-05T10:12:59Z,160,330
63.4237730,10.4156550,78.6,2023-09-05T10:13:00Z,159,340
63.4238050,10.4156980,79.7,2023-09-05T10:13:01Z,157,350
63.4238230,10.4157220,79.7,2023-09-05T10:13:02Z,156,358
63.4238570,10.4157530,79.7,2023-09-05T10:13:03Z,156,364
63.4238750,10.4157700,79.7,2023-09-05T10:13:04Z,157,366
63.4239020,10.4157950,79.7,2023-09-05T10:13:05Z,158,368
63.4239250,10.4158200,79.7,2023-09-05T10:13:06Z,159,368
63.4239430,10.4158450,80.6,2023-09-05T10:13:07Z,159,366
63.4239670,10.4158770,80.6,2023-09-05T10:13:08Z,159,364
63.4239900,10.4159080,80.6,2023-09-05T10:13:09Z,159,362
63.4240180,10.4159320,80.6,2023-09-05T10:13:10Z,159,358
63.4240450,10.4159550,80.6,2023-09-05T10:13:11Z,159,360
63.4240670,10.4159750,80.6,2023-09-05T10:13:12Z,159,360
63.4240950,10.4159970,80.6,2023-09-05T10:13:13Z,159,358
63.4241250,10.4160250,80.6,2023-09-05T10:13:14Z,159,360
63.4241570,10.4160600,81.7,2023-09-05T10:13:15Z,158,362
63.4241920,10.4160970,81.7,2023-09-05T10:13:16Z,158,366
63.4242200,10.4161350,81.7,2023-09-05T10:13:17Z,158,380
63.4242520,10.4161720,81.7,2023-09-05T10:13:18Z,158,390
63.4242720,10.4161980,82.8,2023-09-05T10:13:19Z,158,392
63.4243000,10.4162320,82.8,2023-09-05T10:13:20Z,157,398
63.4243270,10.4162680,82.8,2023-09-05T10:13:21Z,157,396
63.4243550,10.4162950,82.8,2023-09-05T10:13:22Z,157,390
63.4243800,10.4163200,82.8,2023-09-05T10:13:23Z,157,380
63.4244030,10.4163450,82.8,2023-09-05T10:13:24Z,157,372
63.4244280,10.4163650,82.8,2023-09-05T10:13:25Z,155,366
63.4244530,10.4163900,82.8,2023-09-05T10:13:26Z,155,358
63.4244830,10.4164250,82.8,2023-09-05T10:13:27Z,155,356
63.4245150,10.4164620,82.8,2023-09-05T10:13:28Z,155,356
63.4245420,10.4164950,82.8,2023-09-05T10:13:29Z,156,358
63.4245700,10.4165220,82.8,2023-09-05T10:13:30Z,156,360
63.4245970,10.4165480,82.8,2023-09-05T10:13:31Z,156,362
63.4246250,10.4165770,82.8,2023-09-05T10:13:32Z,156,360
63.4246550,10.4166050,82.8,2023-09-05T10:13:33Z,156,356
63.4246880,10.4166330,82.8,2023-09-05T10:13:34Z,157,354
63.4247200,10.4166600,82.8,2023-09-05T10:13:35Z,157,352
63.4247500,10.4166870,82.8,2023-09-05T10:13:36Z,158,354
63.4247820,10.4167130,82.8,2023-09-05T10:13:37Z,158,356
63.4248100,10.4167400,82.8,2023-09-05T10:13:38Z,158,356
63.4248380,10.4167670,82.8,2023-09-05T10:13:39Z,158,356
63.4248700,10.4167970,82.8,2023-09-05T10:13:40Z,158,356
63.4249030,10.4168270,82.8,2023-09-05T10:13:41Z,158,354
63.4249330,10.4168500,82.8,2023-09-05T10:13:42Z,158,352
63.4249650,10.4168750,82.8,2023-09-05T10:13:43Z,158,354
63.4249950,10.4168980,82.8,2023-09-05T10:13:44Z,158,356
63.4250230,10.4169170,83.7,2023-09-05T10:13:45Z,158,358
63.4250530,10.4169350,83.7,2023-09-05T10:13:46Z,158,360
63.4250870,10.4169580,83.7,2023-09-05T10:13:47Z,158,360
63.4251250,10.4169870,83.7,2023-09-05T10:13:48Z,158,360
63.4251580,10.4170080,83.7,2023-09-05T10:13:49Z,158,360
63.4251850,10.4170230,83.7,2023-09-05T10:13:50Z,158,356
63.4252200,10.4170350,83.7,2023-09-05T10:13:51Z,158,356
63.4252620,10.4170470,83.7,2023-09-05T10:13:52Z,158,354
63.4252930,10.4170480,83.7,2023-09-05T10:13:53Z,158,352
63.4253220,10.4170450,83.7,2023-09-05T10:13:54Z,158,352
63.4253430,10.4170380,83.7,2023-09-05T10:13:55Z,158,352
63.4253650,10.4170270,83.7,2023-09-05T10:13:56Z,158,348
63.4253980,10.4170130,83.7,2023-09-05T10:13:57Z,158,344
63.4254270,10.4170220,83.7,2023-09-05T10:13:58Z,158,342
63.4254570,10.4170420,83.7,2023-09-05T10:13:59Z,157,340
63.4254820,10.4170680,83.7,2023-09-05T10:14:00Z,157,336
63.4255230,10.4171220,83.7,2023-09-05T10:14:01Z,156,334
63.4255520,10.4171770,83.7,2023-09-05T10:14:02Z,156,334
63.4255730,10.4172200,83.7,2023-09-05T10:14:03Z,156,334
63.4255970,10.4172680,83.7,2023-09-05T10:14:04Z,156,336
63.4256250,10.4173100,83.7,2023-09-05T10:14:05Z,157,334
63.4256530,10.4173480,83.7,2023-09-05T10:14:06Z,157,338
63.4256800,10.4173920,83.7,2023-09-05T10:14:07Z,157,340
63.4257030,10.4174350,83.7,2023-09-05T10:14:08Z,157,342
63.4257370,10.4174900,83.7,2023-09-05T10:14:09Z,157,344
63.4257720,10.4175520,83.7,2023-09-05T10:14:10Z,157,344
63.4257930,10.4176080,83.7,2023-09-05T10:14:11Z,157,342
63.4258120,10.4176650,83.7,2023-09-05T10:14:12Z,157,346
63.4258270,10.4177150,83.7,2023-09-05T10:14:13Z,157,348
63.4258430,10.4177880,83.7,2023-09-05T10:14:14Z,157,352
63.4258570,10.4178600,83.7,2023-09-05T10:14:15Z,158,356
63.4258770,10.4179220,83.7,2023-09-05T10:14:16Z,158,358
63.4258950,10.4179850,83.7,2023-09-05T10:14:17Z,158,358
63.4259100,10.4180330,83.7,2023-09-05T10:14:18Z,158,356
63.4259270,10.4180930,83.7,2023-09-05T10:14:19Z,159,356
63.4259500,10.4181650,83.7,2023-09-05T10:14:20Z,159,358
63.4259670,10.4182280,83.7,2023-09-05T10:14:21Z,159,364
63.4259830,10.4182920,83.7,2023-09-05T10:14:22Z,159,370
63.4260020,10.4183530,83.7,2023-09-05T10:14:23Z,159,374
63.4260150,10.4184180,83.7,2023-09-05T10:14:24Z,159,376
63.4260230,10.4185080,83.7,2023-09-05T10:14:25Z,159,378
63.4260380,10.4185980,83.7,2023-09-05T10:14:26Z,159,378
63.4260530,10.4186720,84.7,2023-09-05T10:14:27Z,159,388
63.4260670,10.4187350,84.7,2023-09-05T10:14:28Z,159,402
63.4260770,10.4188030,84.7,2023-09-05T10:14:29Z,159,408
63.4260970,10.4188750,84.7,2023-09-05T10:14:30Z,159,408
63.4261120,10.4189370,84.7,2023-09-05T10:14:31Z,159,404
63.4261180,10.4189970,84.7,2023-09-05T10:14:32Z,159,398
63.4261330,10.4190670,84.7,2023-09-05T10:14:33Z,159,392
63.4261500,10.4191230,84.7,2023-09-05T10:14:34Z,159,390
63.4261630,10.4191750,84.7,2023-09-05T10:14:35Z,160,386
63.4261780,10.4192280,84.7,2023-09-05T10:14:36Z,160,380
63.4261970,10.4192870,84.7,2023-09-05T10:14:37Z,161,378
63.4262120,10.4193350,84.7,2023-09-05T10:14:38Z,161,374
63.4262270,10.4194030,84.7,2023-09-05T10:14:39Z,162,374
63.4262430,10.4194630,84.7,2023-09-05T10:14:40Z,162,376
63.4262600,10.4195230,85.7,2023-09-05T10:14:41Z,162,376
63.4262780,10.4195870,85.7,2023-09-05T10:14:42Z,162,376
63.4262920,10.4196530,85.7,2023-09-05T10:14:43Z,162,380
63.4263100,10.4197130,85.7,2023-09-05T10:14:44Z,163,384
63.4263300,10.4197680,86.7,2023-09-05T10:14:45Z,165,388
63.4263520,10.4198280,86.7,2023-09-05T10:14:46Z,166,392
63.4263630,10.4198830,86.7,2023-09-05T10:14:47Z,166,396
63.4263750,10.4199520,86.7,2023-09-05T10:14:48Z,166,402
63.4263830,10.4200330,86.7,2023-09-05T10:14:49Z,166,402
63.4263920,10.4201000,86.7,2023-09-05T10:14:50Z,167,400
63.4264000,10.4201670,86.7,2023-09-05T10:14:51Z,167,396
63.4264130,10.4202370,86.7,2023-09-05T10:14:52Z,166,398
63.4264300,10.4203020,87.6,2023-09-05T10:14:53Z,166,400
63.4264520,10.4203620,87.6,2023-09-05T10:14:54Z,166,400
63.4264700,10.4204230,87.6,2023-09-05T10:14:55Z,166,402
63.4264850,10.4204820,87.6,2023-09-05T10:14:56Z,165,402
63.4264950,10.4205230,87.6,2023-09-05T10:14:57Z,165,402
63.4265150,10.4205750,87.6,2023-09-05T10:14:58Z,165,398
63.4265270,10.4206130,87.6,2023-09-05T10:14:59Z,165,392
63.4265380,10.4206520,87.6,2023-09-05T10:15:00Z,164,386
63.4265550,10.4207130,88.7,2023-09-05T10:15:01Z,164,380
63.4265720,10.4207520,88.7,2023-09-05T10:15:02Z,164,374
63.4265930,10.4208120,88.7,2023-09-05T10:15:03Z,164,370
63.4266130,10.4208630,88.7,2023-09-05T10:15:04Z,163,370
63.4266330,10.4209130,88.7,2023-09-05T10:15:05Z,162,368
63.4266480,10.4209630,88.7,2023-09-05T10:15:06Z,161,368
63.4266580,10.4210070,88.7,2023-09-05T10:15:07Z,161,368
63.4266800,10.4210720,88.7,2023-09-05T10:15:08Z,161,366
63.4266930,10.4211200,88.7,2023-09-05T10:15:09Z,160,366
63.4267030,10.4211720,88.7,2023-09-05T10:15:10Z,159,366
63.4267180,10.4212220,88.7,2023-09-05T10:15:11Z,159,364
63.4267300,10.4212800,88.7,2023-09-05T10:15:12Z,159,366
63.4267420,10.4213450,88.7,2023-09-05T10:15:13Z,159,366
63.4267570,10.4214080,88.7,2023-09-05T10:15:14Z,158,366
63.4267680,10.4214730,88.7,2023-09-05T10:15:15Z,158,370
63.4267780,10.4215250,88.7,2023-09-05T10:15:16Z,158,374
63.4267920,10.4215980,88.7,2023-09-05T10:15:17Z,158,374
63.4268020,10.4216550,88.7,2023-09-05T10:15:18Z,158,378
63.4268080,10.4217080,90.7,2023-09-05T10:15:19Z,158,380
63.4268170,10.4217600,90.7,2023-09-05T10:15:20Z,158,382
63.4268200,10.4218000,91.7,2023-09-05T10:15:21Z,158,382
63.4268320,10.4218580,91.7,2023-09-05T10:15:22Z,157,386
63.4268380,10.4219050,91.7,2023-09-05T10:15:23Z,157,386
63.4268470,10.4219530,91.7,2023-09-05T10:15:24Z,156,388
63.4268520,10.4219970,92.7,2023-09-05T10:15:25Z,156,386
63.4268600,10.4220450,92.7,2023-09-05T10:15:26Z,157,384
63.4268680,10.4220950,92.7,2023-09-05T10:15:27Z,157,376
63.4268770,10.4221450,92.7,2023-09-05T10:15:28Z,157,372
63.4268830,10.4221880,92.7,2023-09-05T10:15:29Z,157,368
63.4268870,10.4222250,92.7,2023-09-05T10:15:30Z,158,362
63.4268900,10.4222850,93.7,2023-09-05T10:15:31Z,158,356
63.4268900,10.4223400,93.7,2023-09-05T10:15:32Z,158,354
63.4268920,10.4223970,93.7,2023-09-05T10:15:33Z,158,354
63.4268980,10.4224580,93.7,2023-09-05T10:15:34Z,158,356
63.4269030,10.4225000,94.6,2023-09-05T10:15:35Z,159,360
63.4269120,10.4225530,94.6,2023-09-05T10:15:36Z,160,360
63.4269200,10.4226030,94.6,2023-09-05T10:15:37Z,162,362
63.4269330,10.4226530,94.6,2023-09-05T10:15:38Z,162,364
63.4269420,10.4226850,95.7,2023-09-05T10:15:39Z,163,364
63.4269430,10.4227330,95.7,2023-09-05T10:15:40Z,166,364
63.4269470,10.4227800,95.7,2023-09-05T10:15:41Z,167,364
63.4269500,10.4228220,95.7,2023-09-05T10:15:42Z,167,362
63.4269530,10.4228620,95.7,2023-09-05T10:15:43Z,167,360
63.4269520,10.4229070,95.7,2023-09-05T10:15:44Z,168,360
63.4269500,10.4229530,95.7,2023-09-05T10:15:45Z,169,360
63.4269470,10.4229980,95.7,2023-09-05T10:15:46Z,169,358
63.4269520,10.4230480,95.7,2023-09-05T10:15:47Z,169,358
63.4269570,10.4230980,95.7,2023-09-05T10:15:48Z,169,358
63.4269620,10.4231500,95.7,2023-09-05T10:15:49Z,169,360
63.4269630,10.4232000,95.7,2023-09-05T10:15:50Z,169,362
63.4269650,10.4232480,98.6,2023-09-05T10:15:51Z,169,366
63.4269670,10.4232970,98.6,2023-09-05T10:15:52Z,169,370
63.4269630,10.4233450,98.6,2023-09-05T10:15:53Z,169,366
63.4269650,10.4233880,98.6,2023-09-05T10:15:54Z,168,362
63.4269650,10.4234230,99.7,2023-09-05T10:15:55Z,167,358
63.4269650,10.4234670,99.7,2023-09-05T10:15:56Z,166,352
63.4269670,10.4235100,99.7,2023-09-05T10:15:57Z,166,348
63.4269700,10.4235670,99.7,2023-09-05T10:15:58Z,166,348
63.4269700,10.4236030,99.7,2023-09-05T10:15:59Z,166,346
63.4269730,10.4236500,99.7,2023-09-05T10:16:00Z,166,346
63.4269730,10.4236980,99.7,2023-09-05T10:16:01Z,167,346
63.4269750,10.4237370,99.7,2023-09-05T10:16:02Z,166,346
63.4269750,10.4237750,100.7,2023-09-05T10:16:03Z,166,344
63.4269730,10.4238200,100.7,2023-09-05T10:16:04Z,165,346
63.4269670,10.4238600,101.7,2023-09-05T10:16:05Z,165,348
63.4269620,10.4239070,101.7,2023-09-05T10:16:06Z,166,348
63.4269580,10.4239520,101.7,2023-09-05T10:16:07Z,165,350
63.4269550,10.4240030,101.7,2023-09-05T10:16:08Z,165,352
63.4269520,10.4240570,102.7,2023-09-05T10:16:09Z,165,352
63.4269450,10.4240950,102.7,2023-09-05T10:16:10Z,167,350
63.4269430,10.4241330,102.7,2023-09-05T10:16:11Z,167,346
63.4269430,10.4241700,102.7,2023-09-05T10:16:12Z,168,344
63.4269450,10.4241970,103.6,2023-09-05T10:16:13Z,168,344
63.4269470,10.4242520,103.6,2023-09-05T10:16:14Z,168,344
63.4269480,10.4242930,103.6,2023-09-05T10:16:15Z,169,342
63.4269470,10.4243400,103.6,2023-09-05T10:16:16Z,169,344
63.4269370,10.4243830,104.7,2023-09-05T10:16:17Z,169,350
63.4269350,10.4244250,104.7,2023-09-05T10:16:18Z,169,354
63.4269370,10.4244600,105.6,2023-09-05T10:16:19Z,169,360
63.4269420,10.4244980,105.6,2023-09-05T10:16:20Z,169,362
63.4269500,10.4245430,105.6,2023-09-05T10:16:21Z,169,364
63.4269570,10.4245820,105.6,2023-09-05T10:16:22Z,170,364
63.4269530,10.4246050,106.7,2023-09-05T10:16:23Z,170,362
63.4269500,10.4246520,106.7,2023-09-05T10:16:24Z,170,360
63.4269400,10.4246970,106.7,2023-09-05T10:16:25Z,170,360
63.4269380,10.4247420,106.7,2023-09-05T10:16:26Z,170,364
63.4269370,10.4247820,107.7,2023-09-05T10:16:27Z,170,364
63.4269370,10.4248170,107.7,2023-09-05T10:16:28Z,170,364
63.4269350,10.4248550,107.7,2023-09-05T10:16:29Z,170,362
63.4269350,10.4248980,107.7,2023-09-05T10:16:30Z,170,360
63.4269350,10.4249400,108.7,2023-09-05T10:16:31Z,170,358
63.4269370,10.4249900,108.7,2023-09-05T10:16:32Z,170,356
63.4269420,10.4250350,108.7,2023-09-05T10:16:33Z,170,354
63.4269420,10.4250800,108.7,2023-09-05T10:16:34Z,170,354
63.4269430,10.4251250,109.7,2023-09-05T10:16:35Z,170,356
63.4269450,10.4251730,109.7,2023-09-05T10:16:36Z,170,356
63.4269470,10.4252280,109.7,2023-09-05T10:16:37Z,170,360
63.4269520,10.4252780,109.7,2023-09-05T10:16:38Z,170,362
63.4269570,10.4253200,110.6,2023-09-05T10:16:39Z,170,366
63.4269580,10.4253650,110.6,2023-09-05T10:16:40Z,170,366
63.4269580,10.4254120,110.6,2023-09-05T10:16:41Z,170,366
63.4269580,10.4254620,110.6,2023-09-05T10:16:42Z,170,372
63.4269580,10.4255100,111.7,2023-09-05T10:16:43Z,170,370
63.4269570,10.4255600,111.7,2023-09-05T10:16:44Z,170,368
63.4269570,10.4256120,111.7,2023-09-05T10:16:45Z,170,368
63.4269570,10.4256570,111.7,2023-09-05T10:16:46Z,170,366
63.4269630,10.4257030,112.6,2023-09-05T10:16:47Z,170,364
63.4269670,10.4257530,112.6,2023-09-05T10:16:48Z,170,362
63.4269680,10.4258020,112.6,2023-09-05T10:16:49Z,170,360
63.4269720,10.4258500,112.6,2023-09-05T10:16:50Z,169,356
63.4269720,10.4259000,112.6,2023-09-05T10:16:51Z,169,354
63.4269720,10.4259500,112.6,2023-09-05T10:16:52Z,169,354
63.4269730,10.4259970,113.7,2023-09-05T10:16:53Z,169,356
63.4269700,10.4260450,113.7,2023-09-05T10:16:54Z,169,354
63.4269720,10.4260920,113.7,2023-09-05T10:16:55Z,169,354
63.4269730,10.4261430,113.7,2023-09-05T10:16:56Z,168,354
63.4269730,10.4261930,113.7,2023-09-05T10:16:57Z,168,352
63.4269770,10.4262450,113.7,2023-09-05T10:16:58Z,168,352
63.4269770,10.4262970,113.7,2023-09-05T10:16:59Z,168,356
63.4269750,10.4263470,113.7,2023-09-05T10:17:00Z,168,358
63.4269770,10.4263950,113.7,2023-09-05T10:17:01Z,168,360
63.4269800,10.4264430,113.7,2023-09-05T10:17:02Z,168,362
63.4269830,10.4264950,115.7,2023-09-05T10:17:03Z,168,364
63.4269870,10.4265470,115.7,2023-09-05T10:17:04Z,169,364
63.4269900,10.4265970,115.7,2023-09-05T10:17:05Z,169,362
63.4269930,10.4266480,115.7,2023-09-05T10:17:06Z,169,364
63.4269950,10.4266970,116.7,2023-09-05T10:17:07Z,169,364
63.4269950,10.4267380,116.7,2023-09-05T10:17:08Z,169,366
63.4269950,10.4267900,116.7,2023-09-05T10:17:09Z,169,364
63.4269950,10.4268400,116.7,2023-09-05T10:17:10Z,169,366
63.4269980,10.4268930,117.7,2023-09-05T10:17:11Z,169,366
63.4270000,10.4269500,117.7,2023-09-05T10:17:12Z,169,366
63.4270030,10.4270130,117.7,2023-09-05T10:17:13Z,169,364
63.4270030,10.4270530,117.7,2023-09-05T10:17:14Z,169,364
63.4270080,10.4271120,118.7,2023-09-05T10:17:15Z,169,362
63.4270130,10.4271630,118.7,2023-09-05T10:17:16Z,169,360
63.4270200,10.4272150,118.7,2023-09-05T10:17:17Z,170,358
63.4270250,10.4272530,118.7,2023-09-05T10:17:18Z,170,356
63.4270300,10.4273050,119.6,2023-09-05T10:17:19Z,170,356
63.4270370,10.4273680,119.6,2023-09-05T10:17:20Z,170,358
63.4270400,10.4274180,119.6,2023-09-05T10:17:21Z,170,358
63.4270420,10.4274580,119.6,2023-09-05T10:17:22Z,169,358
63.4270450,10.4275100,120.7,2023-09-05T10:17:23Z,169,356
63.4270480,10.4275730,120.7,2023-09-05T10:17:24Z,169,354
63.4270480,10.4276230,120.7,2023-09-05T10:17:25Z,169,350
63.4270480,10.4276750,120.7,2023-09-05T10:17:26Z,169,346
63.4270480,10.4277180,120.7,2023-09-05T10:17:27Z,169,342
63.4270530,10.4277720,120.7,2023-09-05T10:17:28Z,169,338
63.4270570,10.4278350,120.7,2023-09-05T10:17:29Z,169,338
63.4270600,10.4278870,120.7,2023-09-05T10:17:30Z,168,338
63.4270670,10.4279380,120.7,2023-09-05T10:17:31Z,168,338
63.4270720,10.4279950,120.7,2023-09-05T10:17:32Z,168,338
63.4270770,10.4280550,121.6,2023-09-05T10:17:33Z,168,340
63.4270820,10.4280980,121.6,2023-09-05T10:17:34Z,168,344
63.4270800,10.4281620,121.6,2023-09-05T10:17:35Z,168,346
63.4270820,10.4282050,121.6,2023-09-05T10:17:36Z,168,344
63.4270850,10.4282620,121.6,2023-09-05T10:17:37Z,168,348
63.4270900,10.4283320,121.6,2023-09-05T10:17:38Z,168,350
63.4270930,10.4283820,122.7,2023-09-05T10:17:39Z,168,354
63.4270970,10.4284420,122.7,2023-09-05T10:17:40Z,167,358
63.4271020,10.4285070,122.7,2023-09-05T10:17:41Z,167,366
63.4271070,10.4285630,122.7,2023-09-05T10:17:42Z,167,370
63.4271150,10.4286220,122.7,2023-09-05T10:17:43Z,167,372
63.4271220,10.4286800,122.7,2023-09-05T10:17:44Z,166,372
63.4271250,10.4287380,123.8,2023-09-05T10:17:45Z,166,372
63.4271300,10.4287980,123.8,2023-09-05T10:17:46Z,166,368
63.4271370,10.4288550,123.8,2023-09-05T10:17:47Z,167,366
63.4271450,10.4289120,123.8,2023-09-05T10:17:48Z,167,364
63.4271500,10.4289700,123.8,2023-09-05T10:17:49Z,167,364
63.4271530,10.4290280,123.8,2023-09-05T10:17:50Z,167,364
63.4271600,10.4290850,124.7,2023-09-05T10:17:51Z,168,366
63.4271650,10.4291500,124.7,2023-09-05T10:17:52Z,168,366
63.4271670,10.4292130,124.7,2023-09-05T10:17:53Z,168,368
63.4271680,10.4292750,124.7,2023-09-05T10:17:54Z,169,366
63.4271720,10.4293380,124.7,2023-09-05T10:17:55Z,170,364
63.4271730,10.4294000,124.7,2023-09-05T10:17:56Z,170,364
63.4271780,10.4294630,124.7,2023-09-05T10:17:57Z,170,362
63.4271870,10.4295280,124.7,2023-09-05T10:17:58Z,170,364
63.4271970,10.4295920,125.7,2023-09-05T10:17:59Z,171,366
63.4272050,10.4296570,125.7,2023-09-05T10:18:00Z,171,374
63.4272080,10.4297200,126.6,2023-09-05T10:18:01Z,171,380
63.4272070,10.4297870,126.6,2023-09-05T10:18:02Z,171,382
63.4272150,10.4298600,126.6,2023-09-05T10:18:03Z,171,382
63.4272250,10.4299220,126.6,2023-09-05T10:18:04Z,171,384
63.4272300,10.4299880,126.6,2023-09-05T10:18:05Z,171,382
63.4272330,10.4300500,126.6,2023-09-05T10:18:06Z,170,380
63.4272380,10.4301200,126.6,2023-09-05T10:18:07Z,170,376
63.4272430,10.4301820,126.6,2023-09-05T10:18:08Z,170,372
63.4272450,10.4302420,126.6,2023-09-05T10:18:09Z,169,368
63.4272450,10.4302970,126.6,2023-09-05T10:18:10Z,169,364
63.4272450,10.4303580,126.6,2023-09-05T10:18:11Z,169,360
63.4272500,10.4304170,126.6,2023-09-05T10:18:12Z,169,360
63.4272570,10.4304800,126.6,2023-09-05T10:18:13Z,169,356
63.4272620,10.4305450,126.6,2023-09-05T10:18:14Z,168,354
63.4272630,10.4306070,126.6,2023-09-05T10:18:15Z,168,354
63.4272650,10.4306620,126.6,2023-09-05T10:18:16Z,168,350
63.4272700,10.4307280,126.6,2023-09-05T10:18:17Z,169,346
63.4272780,10.4307920,126.6,2023-09-05T10:18:18Z,169,342
63.4272880,10.4308550,126.6,2023-09-05T10:18:19Z,169,338
63.4272920,10.4309200,126.6,2023-09-05T10:18:20Z,169,334
63.4272970,10.4309950,126.6,2023-09-05T10:18:21Z,170,332
63.4273050,10.4310420,126.6,2023-09-05T10:18:22Z,170,330
63.4273150,10.4311020,126.6,2023-09-05T10:18:23Z,170,328
63.4273230,10.4311620,126.6,2023-09-05T10:18:24Z,170,326
63.4273280,10.4312200,126.6,2023-09-05T10:18:25Z,170,324
63.4273370,10.4312780,126.6,2023-09-05T10:18:26Z,170,320
63.4273480,10.4313370,126.6,2023-09-05T10:18:27Z,170,318
63.4273630,10.4313950,126.6,2023-09-05T10:18:28Z,170,316
63.4273800,10.4314550,126.6,2023-09-05T10:18:29Z,170,312
63.4273970,10.4315150,126.6,2023-09-05T10:18:30Z,170,310
63.4274130,10.4315770,126.6,2023-09-05T10:18:31Z,170,310
63.4274320,10.4316430,126.6,2023-09-05T10:18:32Z,170,308
63.4274480,10.4317080,126.6,2023-09-05T10:18:33Z,170,310
63.4274630,10.4317700,126.6,2023-09-05T10:18:34Z,169,310
63.4274800,10.4318430,126.6,2023-09-05T10:18:35Z,169,312
63.4274900,10.4318920,126.6,2023-09-05T10:18:36Z,169,316
63.4275050,10.4319550,126.6,2023-09-05T10:18:37Z,169,320
63.4275230,10.4320180,126.6,2023-09-05T10:18:38Z,169,320
63.4275430,10.4320770,126.6,2023-09-05T10:18:39Z,169,322
63.4275630,10.4321320,126.6,2023-09-05T10:18:40Z,169,322
63.4275820,10.4321880,126.6,2023-09-05T10:18:41Z,169,322
63.4276020,10.4322470,126.6,2023-09-05T10:18:42Z,169,322
63.4276130,10.4323050,126.6,2023-09-05T10:18:43Z,169,320
63.4276170,10.4323730,126.6,2023-09-05T10:18:44Z,169,318
63.4276130,10.4324500,126.6,2023-09-05T10:18:45Z,169,320
63.4276100,10.4325200,126.6,2023-09-05T10:18:46Z,169,322
63.4276030,10.4325820,126.6,2023-09-05T10:18:47Z,169,320
63.4275900,10.4326500,126.6,2023-09-05T10:18:48Z,169,320
63.4275750,10.4327170,126.6,2023-09-05T10:18:49Z,169,320
63.4275620,10.4327820,126.6,2023-09-05T10:18:50Z,169,318
63.4275530,10.4328400,126.6,2023-09-05T10:18:51Z,169,316
63.4275480,10.4328880,126.6,2023-09-05T10:18:52Z,169,312
63.4275480,10.4329400,126.6,2023-09-05T10:18:53Z,169,306
63.4275480,10.4330020,126.6,2023-09-05T10:18:54Z,168,300
63.4275470,10.4330700,126.6,2023-09-05T10:18:55Z,168,294
63.4275430,10.4331370,126.6,2023-09-05T10:18:56Z,169,290
63.4275370,10.4332070,126.6,2023-09-05T10:18:57Z,169,286
63.4275330,10.4332800,126.6,2023-09-05T10:18:58Z,169,280
63.4275320,10.4333520,125.7,2023-09-05T10:18:59Z,169,272
63.4275280,10.4334250,125.7,2023-09-05T10:19:00Z,169,268
63.4275180,10.4335000,125.7,2023-09-05T10:19:01Z,169,262
63.4275170,10.4335820,125.7,2023-09-05T10:19:02Z,169,258
63.4275050,10.4336620,124.7,2023-09-05T10:19:03Z,169,252
63.4274950,10.4337400,124.7,2023-09-05T10:19:04Z,168,248
63.4274920,10.4338350,124.7,2023-09-05T10:19:05Z,168,250
63.4274930,10.4338950,124.7,2023-09-05T10:19:06Z,168,252
63.4274930,10.4339870,123.8,2023-09-05T10:19:07Z,168,254
63.4274880,10.4340480,123.8,2023-09-05T10:19:08Z,168,254
63.4274880,10.4341250,122.7,2023-09-05T10:19:09Z,168,254
63.4274820,10.4342020,122.7,2023-09-05T10:19:10Z,168,252
63.4274750,10.4342770,121.6,2023-09-05T10:19:11Z,168,248
63.4274730,10.4343500,121.6,2023-09-05T10:19:12Z,168,244
63.4274750,10.4344250,120.7,2023-09-05T10:19:13Z,168,240
63.4274720,10.4345050,120.7,2023-09-05T10:19:14Z,167,236
63.4274680,10.4345920,119.6,2023-09-05T10:19:15Z,167,234
63.4274570,10.4346700,119.6,2023-09-05T10:19:16Z,167,232
63.4274430,10.4347450,118.7,2023-09-05T10:19:17Z,167,232
63.4274350,10.4348200,118.7,2023-09-05T10:19:18Z,167,232
63.4274330,10.4348970,118.7,2023-09-05T10:19:19Z,167,238
63.4274300,10.4349750,118.7,2023-09-05T10:19:20Z,166,238
63.4274320,10.4350570,117.7,2023-09-05T10:19:21Z,166,238
63.4274320,10.4351380,117.7,2023-09-05T10:19:22Z,166,238
63.4274320,10.4352200,116.7,2023-09-05T10:19:23Z,166,238
63.4274300,10.4353020,116.7,2023-09-05T10:19:24Z,166,238
63.4274320,10.4353830,115.7,2023-09-05T10:19:25Z,166,236
63.4274350,10.4354630,115.7,2023-09-05T10:19:26Z,165,234
63.4274380,10.4355430,114.6,2023-09-05T10:19:27Z,165,232
63.4274380,10.4356200,114.6,2023-09-05T10:19:28Z,165,232
63.4274370,10.4356970,114.6,2023-09-05T10:19:29Z,164,232
63.4274350,10.4357750,114.6,2023-09-05T10:19:30Z,164,232
63.4274380,10.4358570,113.7,2023-09-05T10:19:31Z,163,232
63.4274450,10.4359350,113.7,2023-09-05T10:19:32Z,163,234
63.4274480,10.4360150,112.6,2023-09-05T10:19:33Z,162,234
63.4274470,10.4360970,112.6,2023-09-05T10:19:34Z,162,236
63.4274430,10.4361770,112.6,2023-09-05T10:19:35Z,161,238
63.4274400,10.4362600,112.6,2023-09-05T10:19:36Z,161,240
63.4274420,10.4363430,111.7,2023-09-05T10:19:37Z,160,244
63.4274350,10.4364330,111.7,2023-09-05T10:19:38Z,160,250
63.4274320,10.4365180,111.7,2023-09-05T10:19:39Z,160,254
63.4274350,10.4366030,111.7,2023-09-05T10:19:40Z,160,254
63.4274350,10.4366820,111.7,2023-09-05T10:19:41Z,160,258
63.4274280,10.4367550,111.7,2023-09-05T10:19:42Z,160,262
63.4274280,10.4368330,111.7,2023-09-05T10:19:43Z,160,264
63.4274320,10.4369080,111.7,2023-09-05T10:19:44Z,160,266
63.4274330,10.4369850,110.6,2023-09-05T10:19:45Z,160,266
63.4274320,10.4370570,110.6,2023-09-05T10:19:46Z,160,266
63.4274320,10.4371300,110.6,2023-09-05T10:19:47Z,160,270
63.4274350,10.4372080,110.6,2023-09-05T10:19:48Z,160,270
63.4274420,10.4372870,109.7,2023-09-05T10:19:49Z,160,270
63.4274500,10.4373650,109.7,2023-09-05T10:19:50Z,160,272
63.4274480,10.4374430,109.7,2023-09-05T10:19:51Z,160,274
63.4274450,10.4375220,109.7,2023-09-05T10:19:52Z,160,278
63.4274450,10.4376050,109.7,2023-09-05T10:19:53Z,160,284
63.4274450,10.4376870,109.7,2023-09-05T10:19:54Z,160,284
63.4274430,10.4377620,108.7,2023-09-05T10:19:55Z,160,286
63.4274430,10.4378380,108.7,2023-09-05T10:19:56Z,160,292
63.4274450,10.4379150,108.7,2023-09-05T10:19:57Z,161,292
63.4274470,10.4379970,108.7,2023-09-05T10:19:58Z,161,292
63.4274520,10.4380730,108.7,2023-09-05T10:19:59Z,162,294
63.4274530,10.4381530,108.7,2023-09-05T10:20:00Z,162,298
63.4274480,10.4382330,108.7,2023-09-05T10:20:01Z,162,300
63.4274450,10.4383150,108.7,2023-09-05T10:20:02Z,161,304
63.4274430,10.4384000,107.7,2023-09-05T10:20:03Z,161,304
63.4274430,10.4384900,107.7,2023-09-05T10:20:04Z,161,304
63.4274420,10.4385700,107.7,2023-09-05T10:20:05Z,161,306
63.4274380,10.4386470,107.7,2023-09-05T10:20:06Z,161,306
63.4274380,10.4387280,106.7,2023-09-05T10:20:07Z,161,306
63.4274380,10.4388100,106.7,2023-09-05T10:20:08Z,161,304
63.4274400,10.4388930,106.7,2023-09-05T10:20:09Z,161,304
63.4274420,10.4389770,106.7,2023-09-05T10:20:10Z,161,306
63.4274470,10.4390570,106.7,2023-09-05T10:20:11Z,161,306
63.4274420,10.4391350,106.7,2023-09-05T10:20:12Z,161,310
63.4274370,10.4392120,105.6,2023-09-05T10:20:13Z,161,312
63.4274320,10.4392900,105.6,2023-09-05T10:20:14Z,161,314
63.4274250,10.4393650,105.6,2023-09-05T10:20:15Z,161,316
63.4274120,10.4394420,105.6,2023-09-05T10:20:16Z,161,316
63.4273970,10.4395170,105.6,2023-09-05T10:20:17Z,160,318
63.4273780,10.4395950,105.6,2023-09-05T10:20:18Z,160,322
63.4273650,10.4396720,105.6,2023-09-05T10:20:19Z,160,326
63.4273520,10.4397450,105.6,2023-09-05T10:20:20Z,160,328
63.4273370,10.4398180,104.7,2023-09-05T10:20:21Z,160,330
63.4273180,10.4398930,104.7,2023-09-05T10:20:22Z,160,336
63.4273100,10.4399580,104.7,2023-09-05T10:20:23Z,160,340
63.4273000,10.4400300,104.7,2023-09-05T10:20:24Z,160,342
63.4272970,10.4401080,104.7,2023-09-05T10:20:25Z,160,346
63.4272930,10.4401850,104.7,2023-09-05T10:20:26Z,160,352
63.4272920,10.4402620,104.7,2023-09-05T10:20:27Z,160,354
63.4272930,10.4403380,104.7,2023-09-05T10:20:28Z,160,358
63.4272920,10.4404180,104.7,2023-09-05T10:20:29Z,160,360
63.4272900,10.4405000,104.7,2023-09-05T10:20:30Z,161,360
63.4272880,10.4405800,104.7,2023-09-05T10:20:31Z,161,360
63.4272900,10.4406600,104.7,2023-09-05T10:20:32Z,161,356
63.4272920,10.4407420,104.7,2023-09-05T10:20:33Z,162,354
63.4272950,10.4408220,104.7,2023-09-05T10:20:34Z,162,352
63.4272970,10.4409000,104.7,2023-09-05T10:20:35Z,163,352
63.4272980,10.4409820,104.7,2023-09-05T10:20:36Z,163,350
63.4273000,10.4410620,104.7,2023-09-05T10:20:37Z,163,350
63.4273000,10.4411430,104.7,2023-09-05T10:20:38Z,164,348
63.4273000,10.4412280,103.6,2023-09-05T10:20:39Z,164,340
63.4273020,10.4413130,103.6,2023-09-05T10:20:40Z,164,336
63.4273050,10.4413950,103.6,2023-09-05T10:20:41Z,164,336
63.4273120,10.4414750,103.6,2023-09-05T10:20:42Z,165,336
63.4273150,10.4415550,103.6,2023-09-05T10:20:43Z,165,334
63.4273170,10.4416370,103.6,2023-09-05T10:20:44Z,165,332
63.4273170,10.4417170,102.7,2023-09-05T10:20:45Z,165,328
63.4273170,10.4418020,102.7,2023-09-05T10:20:46Z,167,326
63.4273150,10.4418830,102.7,2023-09-05T10:20:47Z,167,322
63.4273070,10.4419620,102.7,2023-09-05T10:20:48Z,167,320
63.4272970,10.4420400,102.7,2023-09-05T10:20:49Z,167,318
63.4272780,10.4421120,102.7,2023-09-05T10:20:50Z,167,310
63.4272530,10.4421770,101.7,2023-09-05T10:20:51Z,167,306
63.4272230,10.4422250,101.7,2023-09-05T10:20:52Z,167,300
63.4271900,10.4422480,101.7,2023-09-05T10:20:53Z,167,302
63.4271550,10.4422520,101.7,2023-09-05T10:20:54Z,167,304
63.4271200,10.4422470,101.7,2023-09-05T10:20:55Z,167,310
63.4270850,10.4422320,101.7,2023-09-05T10:20:56Z,167,320
63.4270420,10.4422120,101.7,2023-09-05T10:20:57Z,167,330
63.4269950,10.4421830,101.7,2023-09-05T10:20:58Z,167,344
63.4269570,10.4421570,101.7,2023-09-05T10:20:59Z,167,358
63.4269220,10.4421350,101.7,2023-09-05T10:21:00Z,167,368
63.4268870,10.4421150,102.7,2023-09-05T10:21:01Z,167,384
63.4268520,10.4420930,102.7,2023-09-05T10:21:02Z,167,398
63.4268120,10.4420670,102.7,2023-09-05T10:21:03Z,167,408
63.4267830,10.4420400,102.7,2023-09-05T10:21:04Z,166,416
63.4267520,10.4420070,102.7,2023-09-05T10:21:05Z,166,422
63.4267250,10.4419800,102.7,2023-09-05T10:21:06Z,166,426
63.4266970,10.4419580,102.7,2023-09-05T10:21:07Z,165,430
63.4266700,10.4419380,102.7,2023-09-05T10:21:08Z,165,426
63.4266370,10.4419250,102.7,2023-09-05T10:21:09Z,164,424
63.4266030,10.4419130,102.7,2023-09-05T10:21:10Z,164,420
63.4265730,10.4418930,102.7,2023-09-05T10:21:11Z,165,414
63.4265470,10.4418720,102.7,2023-09-05T10:21:12Z,165,412
63.4265180,10.4418530,102.7,2023-09-05T10:21:13Z,165,408
63.4264900,10.4418300,102.7,2023-09-05T10:21:14Z,166,400
63.4264600,10.4418030,103.6,2023-09-05T10:21:15Z,167,396
63.4264320,10.4417700,103.6,2023-09-05T10:21:16Z,168,390
63.4264050,10.4417430,103.6,2023-09-05T10:21:17Z,168,386
63.4263770,10.4417170,103.6,2023-09-05T10:21:18Z,169,386
63.4263520,10.4416880,103.6,2023-09-05T10:21:19Z,169,386
63.4263270,10.4416650,103.6,2023-09-05T10:21:20Z,170,384
63.4263000,10.4416380,103.6,2023-09-05T10:21:21Z,170,380
63.4262800,10.4416170,103.6,2023-09-05T10:21:22Z,170,376
63.4262470,10.4415900,104.7,2023-09-05T10:21:23Z,170,372
63.4262200,10.4415670,104.7,2023-09-05T10:21:24Z,170,366
63.4261900,10.4415420,104.7,2023-09-05T10:21:25Z,170,366
63.4261600,10.4415220,104.7,2023-09-05T10:21:26Z,170,362
63.4261270,10.4415030,104.7,2023-09-05T10:21:27Z,170,362
63.4260930,10.4414820,104.7,2023-09-05T10:21:28Z,170,362
63.4260600,10.4414650,104.7,2023-09-05T10:21:29Z,169,362
63.4260320,10.4414480,104.7,2023-09-05T10:21:30Z,169,364
63.4260080,10.4414270,104.7,2023-09-05T10:21:31Z,169,364
63.4259820,10.4414080,104.7,2023-09-05T10:21:32Z,169,362
63.4259570,10.4413870,104.7,2023-09-05T10:21:33Z,169,352
63.4259270,10.4413650,104.7,2023-09-05T10:21:34Z,170,350
63.4258970,10.4413470,104.7,2023-09-05T10:21:35Z,170,346
63.4258650,10.4413280,104.7,2023-09-05T10:21:36Z,170,346
63.4258350,10.4413000,105.6,2023-09-05T10:21:37Z,170,348
63.4258100,10.4412770,105.6,2023-09-05T10:21:38Z,170,344
63.4257800,10.4412500,105.6,2023-09-05T10:21:39Z,170,344
63.4257520,10.4412170,105.6,2023-09-05T10:21:40Z,170,340
63.4257220,10.4411870,105.6,2023-09-05T10:21:41Z,170,336
63.4256970,10.4411630,105.6,2023-09-05T10:21:42Z,170,334
63.4256670,10.4411430,105.6,2023-09-05T10:21:43Z,169,330
63.4256400,10.4411330,105.6,2023-09-05T10:21:44Z,169,324
63.4256150,10.4411130,105.6,2023-09-05T10:21:45Z,168,322
63.4255880,10.4410980,105.6,2023-09-05T10:21:46Z,168,320
63.4255630,10.4410800,105.6,2023-09-05T10:21:47Z,168,316
63.4255420,10.4410650,105.6,2023-09-05T10:21:48Z,168,316
63.4255170,10.4410480,105.6,2023-09-05T10:21:49Z,168,316
63.4254920,10.4410230,105.6,2023-09-05T10:21:50Z,167,318
63.4254650,10.4409980,105.6,2023-09-05T10:21:51Z,167,320
63.4254280,10.4409620,105.6,2023-09-05T10:21:52Z,167,320
63.4253970,10.4409300,105.6,2023-09-05T10:21:53Z,167,324
63.4253650,10.4409030,105.6,2023-09-05T10:21:54Z,166,330
63.4253300,10.4408820,105.6,2023-09-05T10:21:55Z,166,338
63.4253000,10.4408820,105.6,2023-09-05T10:21:56Z,166,346
63.4252720,10.4408930,105.6,2023-09-05T10:21:57Z,165,348
63.4252400,10.4408820,105.6,2023-09-05T10:21:58Z,165,352
63.4252080,10.4408680,105.6,2023-09-05T10:21:59Z,165,358
63.4251780,10.4408470,105.6,2023-09-05T10:22:00Z,165,362
63.4251500,10.4408280,106.7,2023-09-05T10:22:01Z,165,366
63.4251220,10.4408220,106.7,2023-09-05T10:22:02Z,165,364
63.4250980,10.4408200,106.7,2023-09-05T10:22:03Z,165,364
63.4250700,10.4408070,106.7,2023-09-05T10:22:04Z,165,364
63.4250430,10.4407950,106.7,2023-09-05T10:22:05Z,165,360
63.4250120,10.4407950,106.7,2023-09-05T10:22:06Z,165,360
63.4249730,10.4408150,106.7,2023-09-05T10:22:07Z,165,364
63.4249400,10.4408230,106.7,2023-09-05T10:22:08Z,166,364
63.4249120,10.4408200,106.7,2023-09-05T10:22:09Z,166,366
63.4248880,10.4407970,106.7,2023-09-05T10:22:10Z,167,364
63.4248670,10.4407750,106.7,2023-09-05T10:22:11Z,168,360
63.4248500,10.4407600,106.7,2023-09-05T10:22:12Z,168,350
63.4248500,10.4407600,106.7,2023-09-05T10:22:13Z,168,358
63.4248500,10.4407600,106.7,2023-09-05T10:22:14Z,169,360
63.4248500,10.4407600,107.7,2023-09-05T10:22:15Z,170,360
63.4248500,10.4407600,107.7,2023-09-05T10:22:16Z,170,362
63.4248500,10.4407600,107.7,2023-09-05T10:22:17Z,170,362
63.4248500,10.4407600,107.7,2023-09-05T10:22:18Z,170,366
63.4248500,10.4407600,107.7,2023-09-05T10:22:19Z,171,366
63.4248500,10.4407600,107.7,2023-09-05T10:22:20Z,171,364
63.4248500,10.4407600,107.7,2023-09-05T10:22:21Z,170,362
63.4248500,10.4407600,107.7,2023-09-05T10:22:22Z,170,362
63.4248500,10.4407600,107.7,2023-09-05T10:22:23Z,169,362
63.4248500,10.4407600,107.7,2023-09-05T10:22:24Z,169,358
63.4248500,10.4407600,107.7,2023-09-05T10:22:25Z,169,358
63.4248500,10.4407600,107.7,2023-09-05T10:22:26Z,168,358
63.4248500,10.4407600,108.7,2023-09-05T10:22:27Z,168,360
63.4245030,10.4402000,108.7,2023-09-05T10:22:28Z,167,360
63.4244370,10.4402920,108.7,2023-09-05T10:22:29Z,167,358
63.4243630,10.4401930,108.7,2023-09-05T10:22:30Z,167,360
63.4243310,10.4401430,108.7,2023-09-05T10:22:31Z,166,360
63.4242990,10.4400930,108.7,2023-09-05T10:22:32Z,166,360
63.4242670,10.4400430,108.7,2023-09-05T10:22:33Z,166,360
63.4242250,10.4400080,108.7,2023-09-05T10:22:34Z,165,360
63.4241880,10.4400280,108.7,2023-09-05T10:22:35Z,165,362
63.4241570,10.4400230,108.7,2023-09-05T10:22:36Z,166,362
63.4241320,10.4399650,108.7,2023-09-05T10:22:37Z,166,360
63.4241120,10.4398830,108.7,2023-09-05T10:22:38Z,167,360
63.4240920,10.4397900,108.7,2023-09-05T10:22:39Z,168,354
63.4240680,10.4399450,108.7,2023-09-05T10:22:40Z,170,356
63.4240430,10.4398930,108.7,2023-09-05T10:22:41Z,170,364
63.4240200,10.4398630,108.7,2023-09-05T10:22:42Z,171,368
63.4239930,10.4398730,108.7,2023-09-05T10:22:43Z,171,372
63.4239680,10.4398830,108.7,2023-09-05T10:22:44Z,172,368
63.4239470,10.4398630,108.7,2023-09-05T10:22:45Z,172,368
63.4239200,10.4398650,108.7,2023-09-05T10:22:46Z,172,366
63.4238880,10.4398900,108.7,2023-09-05T10:22:47Z,172,364
63.4238400,10.4399380,108.7,2023-09-05T10:22:48Z,173,360
63.4238120,10.4399830,108.7,2023-09-05T10:22:49Z,173,360
63.4237770,10.4400200,108.7,2023-09-05T10:22:50Z,172,356
63.4237480,10.4400470,108.7,2023-09-05T10:22:51Z,171,354
63.4237200,10.4400570,108.7,2023-09-05T10:22:52Z,171,354
63.4236920,10.4400470,108.7,2023-09-05T10:22:53Z,171,352
63.4236600,10.4400370,108.7,2023-09-05T10:22:54Z,171,350
63.4236280,10.4400270,108.7,2023-09-05T10:22:55Z,171,350
63.4235970,10.4400220,108.7,2023-09-05T10:22:56Z,172,350
63.4235650,10.4400150,108.7,2023-09-05T10:22:57Z,172,350
63.4235330,10.4400030,108.7,2023-09-05T10:22:58Z,172,354
63.4235030,10.4399870,109.7,2023-09-05T10:22:59Z,172,356
63.4234700,10.4399750,109.7,2023-09-05T10:23:00Z,173,358
63.4234430,10.4399450,109.7,2023-09-05T10:23:01Z,174,360
63.4234050,10.4399420,109.7,2023-09-05T10:23:02Z,174,360
63.4233670,10.4399420,109.7,2023-09-05T10:23:03Z,174,366
63.4233320,10.4399370,109.7,2023-09-05T10:23:04Z,174,368
63.4232850,10.4399570,109.7,2023-09-05T10:23:05Z,175,366
63.4232470,10.4399530,109.7,2023-09-05T10:23:06Z,175,366
63.4232200,10.4399430,110.6,2023-09-05T10:23:07Z,175,366
63.4231850,10.4399230,110.6,2023-09-05T10:23:08Z,175,362
63.4231530,10.4399030,110.6,2023-09-05T10:23:09Z,175,360
63.4231200,10.4398880,110.6,2023-09-05T10:23:10Z,175,356
63.4230950,10.4398780,110.6,2023-09-05T10:23:11Z,175,350
63.4230630,10.4398620,110.6,2023-09-05T10:23:12Z,175,350
63.4230280,10.4398380,110.6,2023-09-05T10:23:13Z,175,348
63.4229980,10.4398170,110.6,2023-09-05T10:23:14Z,175,346
63.4229670,10.4397930,110.6,2023-09-05T10:23:15Z,175,346
63.4229350,10.4397730,110.6,2023-09-05T10:23:16Z,175,346
63.4229000,10.4397650,110.6,2023-09-05T10:23:17Z,175,346
63.4228700,10.4397650,110.6,2023-09-05T10:23:18Z,175,348
63.4228370,10.4397750,110.6,2023-09-05T10:23:19Z,175,354
63.4228120,10.4397770,110.6,2023-09-05T10:23:20Z,175,356
63.4227800,10.4397550,111.7,2023-09-05T10:23:21Z,175,362
63.4227420,10.4397320,111.7,2023-09-05T10:23:22Z,175,360
63.4227150,10.4397130,111.7,2023-09-05T10:23:23Z,175,356
63.4226730,10.4396920,111.7,2023-09-05T10:23:24Z,174,356
63.4226450,10.4396780,111.7,2023-09-05T10:23:25Z,174,352
63.4225980,10.4396950,111.7,2023-09-05T10:23:26Z,174,350
63.4225550,10.4397150,111.7,2023-09-05T10:23:27Z,174,352
63.4225330,10.4397300,111.7,2023-09-05T10:23:28Z,174,354
63.4224980,10.4397230,111.7,2023-09-05T10:23:29Z,174,354
63.4224680,10.4396950,111.7,2023-09-05T10:23:30Z,173,354
63.4224400,10.4396550,111.7,2023-09-05T10:23:31Z,173,354
63.4224170,10.4396120,111.7,2023-09-05T10:23:32Z,173,350
63.4223900,10.4395830,111.7,2023-09-05T10:23:33Z,173,350
63.4223550,10.4395600,111.7,2023-09-05T10:23:34Z,174,350
63.4223170,10.4395430,111.7,2023-09-05T10:23:35Z,174,352
63.4222720,10.4395150,111.7,2023-09-05T10:23:36Z,174,356
63.4222370,10.4394800,111.7,2023-09-05T10:23:37Z,174,354
63.4222130,10.4394550,111.7,2023-09-05T10:23:38Z,174,350
63.4221830,10.4394180,111.7,2023-09-05T10:23:39Z,174,350
63.4221550,10.4393730,111.7,2023-09-05T10:23:40Z,175,348
63.4221230,10.4393520,111.7,2023-09-05T10:23:41Z,175,346
63.4220900,10.4393270,111.7,2023-09-05T10:23:42Z,175,346
63.4220500,10.4392920,111.7,2023-09-05T10:23:43Z,175,348
63.4220170,10.4392580,111.7,2023-09-05T10:23:44Z,175,344
63.4219850,10.4392170,111.7,2023-09-05T10:23:45Z,175,344
63.4219470,10.4391750,111.7,2023-09-05T10:23:46Z,175,346
63.4219230,10.4391530,111.7,2023-09-05T10:23:47Z,175,350
63.4218930,10.4391250,111.7,2023-09-05T10:23:48Z,175,356
63.4218600,10.4391300,111.7,2023-09-05T10:23:49Z,174,360
63.4218280,10.4391230,111.7,2023-09-05T10:23:50Z,173,368
63.4217930,10.4391250,111.7,2023-09-05T10:23:51Z,172,378
63.4217580,10.4391100,111.7,2023-09-05T10:23:52Z,172,384
63.4217230,10.4391120,112.6,2023-09-05T10:23:53Z,172,388
63.4216950,10.4390980,112.6,2023-09-05T10:23:54Z,172,394
63.4216600,10.4390920,112.6,2023-09-05T10:23:55Z,172,398
63.4216200,10.4390730,112.6,2023-09-05T10:23:56Z,172,400
63.4215870,10.4390630,112.6,2023-09-05T10:23:57Z,172,400
63.4215620,10.4390500,112.6,2023-09-05T10:23:58Z,172,398
63.4215330,10.4390100,113.7,2023-09-05T10:23:59Z,173,398
63.4215030,10.4389530,113.7,2023-09-05T10:24:00Z,173,396
63.4214780,10.4389070,113.7,2023-09-05T10:24:01Z,174,388
63.4214530,10.4388550,113.7,2023-09-05T10:24:02Z,175,386
63.4214280,10.4388000,113.7,2023-09-05T10:24:03Z,175,384
63.4214050,10.4387580,113.7,2023-09-05T10:24:04Z,176,378
63.4213780,10.4387230,113.7,2023-09-05T10:24:05Z,176,372
63.4213520,10.4386900,113.7,2023-09-05T10:24:06Z,177,368
63.4213280,10.4386680,113.7,2023-09-05T10:24:07Z,177,364
63.4212950,10.4386400,113.7,2023-09-05T10:24:08Z,177,364
63.4212680,10.4386100,113.7,2023-09-05T10:24:09Z,176,362
63.4212400,10.4385730,113.7,2023-09-05T10:24:10Z,176,364
63.4212170,10.4385230,114.6,2023-09-05T10:24:11Z,176,364
63.4212000,10.4384730,114.6,2023-09-05T10:24:12Z,176,364
63.4211720,10.4384230,114.6,2023-09-05T10:24:13Z,176,362
63.4211530,10.4383970,114.6,2023-09-05T10:24:14Z,176,362
63.4211200,10.4383600,114.6,2023-09-05T10:24:15Z,176,362
63.4210900,10.4383430,114.6,2023-09-05T10:24:16Z,176,358
63.4210700,10.4383300,114.6,2023-09-05T10:24:17Z,176,356
63.4210420,10.4383070,114.6,2023-09-05T10:24:18Z,176,356
63.4210120,10.4382720,115.7,2023-09-05T10:24:19Z,176,358
63.4209870,10.4382350,115.7,2023-09-05T10:24:20Z,176,362
63.4209670,10.4382070,115.7,2023-09-05T10:24:21Z,176,364
63.4209430,10.4381770,115.7,2023-09-05T10:24:22Z,176,370
63.4209170,10.4381480,116.7,2023-09-05T10:24:23Z,176,374
63.4208830,10.4381170,116.7,2023-09-05T10:24:24Z,176,376
63.4208570,10.4380970,116.7,2023-09-05T10:24:25Z,176,382
63.4208320,10.4380800,116.7,2023-09-05T10:24:26Z,176,386
63.4208020,10.4380450,116.7,2023-09-05T10:24:27Z,176,390
63.4207750,10.4380180,116.7,2023-09-05T10:24:28Z,176,390
63.4207470,10.4379850,117.7,2023-09-05T10:24:29Z,177,394
63.4207270,10.4379580,117.7,2023-09-05T10:24:30Z,177,396
63.4207020,10.4379280,117.7,2023-09-05T10:24:31Z,177,396
63.4206720,10.4378830,117.7,2023-09-05T10:24:32Z,177,394
63.4206480,10.4378420,117.7,2023-09-05T10:24:33Z,177,392
63.4206280,10.4378020,117.7,2023-09-05T10:24:34Z,177,388
63.4206120,10.4377700,117.7,2023-09-05T10:24:35Z,177,386
63.4205900,10.4377270,117.7,2023-09-05T10:24:36Z,177,382
63.4205630,10.4376750,117.7,2023-09-05T10:24:37Z,177,380
63.4205450,10.4376380,117.7,2023-09-05T10:24:38Z,177,378
63.4205170,10.4375980,117.7,2023-09-05T10:24:39Z,178,374
63.4204900,10.4375720,117.7,2023-09-05T10:24:40Z,178,374
63.4204680,10.4375520,118.7,2023-09-05T10:24:41Z,178,372
63.4204420,10.4375330,118.7,2023-09-05T10:24:42Z,178,368
63.4204080,10.4375050,118.7,2023-09-05T10:24:43Z,178,366
63.4203880,10.4374830,118.7,2023-09-05T10:24:44Z,178,364
63.4203620,10.4374570,118.7,2023-09-05T10:24:45Z,178,362
63.4203300,10.4374230,118.7,2023-09-05T10:24:46Z,178,364
63.4203070,10.4373950,119.6,2023-09-05T10:24:47Z,178,366
63.4202850,10.4373750,119.6,2023-09-05T10:24:48Z,178,370
63.4202620,10.4373450,119.6,2023-09-05T10:24:49Z,178,376
63.4202370,10.4373130,119.6,2023-09-05T10:24:50Z,178,376
63.4202120,10.4372880,120.7,2023-09-05T10:24:51Z,178,380
63.4201800,10.4372570,120.7,2023-09-05T10:24:52Z,178,386
63.4201550,10.4372250,120.7,2023-09-05T10:24:53Z,178,388
63.4201350,10.4372020,120.7,2023-09-05T10:24:54Z,178,390
63.4201080,10.4371820,120.7,2023-09-05T10:24:55Z,178,388
63.4200830,10.4371520,120.7,2023-09-05T10:24:56Z,178,382
63.4200600,10.4371200,120.7,2023-09-05T10:24:57Z,178,378
63.4200300,10.4370800,120.7,2023-09-05T10:24:58Z,178,374
63.4200120,10.4370550,120.7,2023-09-05T10:24:59Z,178,366
63.4199820,10.4370200,120.7,2023-09-05T10:25:00Z,178,362
63.4199550,10.4369920,121.6,2023-09-05T10:25:01Z,178,358
63.4199300,10.4369600,121.6,2023-09-05T10:25:02Z,178,356
63.4199100,10.4369230,121.6,2023-09-05T10:25:03Z,178,358
63.4198920,10.4368750,121.6,2023-09-05T10:25:04Z,178,358
63.4198780,10.4368230,121.6,2023-09-05T10:25:05Z,178,358
63.4198620,10.4367630,121.6,2023-09-05T10:25:06Z,179,358
63.4198430,10.4367050,122.7,2023-09-05T10:25:07Z,179,358
63.4198230,10.4366630,122.7,2023-09-05T10:25:08Z,179,364
63.4198030,10.4366250,123.8,2023-09-05T10:25:09Z,179,372
63.4197880,10.4365830,123.8,2023-09-05T10:25:10Z,179,372
63.4197600,10.4365530,123.8,2023-09-05T10:25:11Z,179,370
63.4197370,10.4365530,123.8,2023-09-05T10:25:12Z,179,370
63.4197100,10.4365470,123.8,2023-09-05T10:25:13Z,179,364
63.4196750,10.4365300,123.8,2023-09-05T10:25:14Z,179,362
63.4196480,10.4365070,123.8,2023-09-05T10:25:15Z,179,360
63.4196150,10.4364870,123.8,2023-09-05T10:25:16Z,180,358
63.4195920,10.4364630,123.8,2023-09-05T10:25:17Z,180,358
63.4195600,10.4364280,123.8,2023-09-05T10:25:18Z,180,358
63.4195270,10.4363780,123.8,2023-09-05T10:25:19Z,179,356
63.4194950,10.4363420,123.8,2023-09-05T10:25:20Z,179,354
63.4194650,10.4363030,123.8,2023-09-05T10:25:21Z,179,350
63.4194420,10.4362730,123.8,2023-09-05T10:25:22Z,179,346
63.4194070,10.4362470,123.8,2023-09-05T10:25:23Z,180,346
63.4193820,10.4362350,123.8,2023-09-05T10:25:24Z,180,346
63.4193520,10.4362130,123.8,2023-09-05T10:25:25Z,179,346
63.4193130,10.4361930,123.8,2023-09-05T10:25:26Z,179,348
63.4192820,10.4361770,123.8,2023-09-05T10:25:27Z,179,346
63.4192480,10.4361500,123.8,2023-09-05T10:25:28Z,179,348
63.4192180,10.4361220,123.8,2023-09-05T10:25:29Z,179,352
63.4191880,10.4360930,123.8,2023-09-05T10:25:30Z,179,356
63.4191630,10.4360730,123.8,2023-09-05T10:25:31Z,179,360
63.4191330,10.4360570,123.8,2023-09-05T10:25:32Z,179,366
63.4191000,10.4360330,123.8,2023-09-05T10:25:33Z,179,366
63.4190700,10.4360120,123.8,2023-09-05T10:25:34Z,179,364
63.4190370,10.4359780,123.8,2023-09-05T10:25:35Z,179,364
63.4190080,10.4359580,123.8,2023-09-05T10:25:36Z,179,364
63.4189720,10.4359230,123.8,2023-09-05T10:25:37Z,179,364
63.4189480,10.4358930,123.8,2023-09-05T10:25:38Z,179,368
63.4189220,10.4358480,123.8,2023-09-05T10:25:39Z,179,370
63.4188950,10.4358050,123.8,2023-09-05T10:25:40Z,180,376
63.4188620,10.4357730,124.7,2023-09-05T10:25:41Z,180,382
63.4188300,10.4357380,124.7,2023-09-05T10:25:42Z,180,388
63.4187950,10.4357080,124.7,2023-09-05T10:25:43Z,179,394
63.4187570,10.4356670,124.7,2023-09-05T10:25:44Z,179,400
63.4187250,10.4356370,124.7,2023-09-05T10:25:45Z,179,402
63.4187020,10.4356050,124.7,2023-09-05T10:25:46Z,179,404
63.4186730,10.4355650,125.7,2023-09-05T10:25:47Z,179,412
63.4186450,10.4355270,125.7,2023-09-05T10:25:48Z,179,416
63.4186080,10.4354880,125.7,2023-09-05T10:25:49Z,179,416
63.4185830,10.4354500,125.7,2023-09-05T10:25:50Z,179,412
63.4185580,10.4354130,125.7,2023-09-05T10:25:51Z,179,408
63.4185320,10.4353820,125.7,2023-09-05T10:25:52Z,179,404
63.4185150,10.4353550,125.7,2023-09-05T10:25:53Z,179,400
63.4184920,10.4353270,125.7,2023-09-05T10:25:54Z,179,392
63.4184600,10.4352980,125.7,2023-09-05T10:25:55Z,179,386
63.4184250,10.4352480,125.7,2023-09-05T10:25:56Z,179,384
63.4183930,10.4352170,125.7,2023-09-05T10:25:57Z,179,378
63.4183620,10.4351780,125.7,2023-09-05T10:25:58Z,179,380
63.4183320,10.4351480,126.6,2023-09-05T10:25:59Z,179,384
63.4183030,10.4351220,126.6,2023-09-05T10:26:00Z,179,386
63.4182750,10.4350920,126.6,2023-09-05T10:26:01Z,179,386
63.4182500,10.4350500,126.6,2023-09-05T10:26:02Z,179,384
63.4182250,10.4350100,126.6,2023-09-05T10:26:03Z,179,382
63.4182000,10.4349770,126.6,2023-09-05T10:26:04Z,179,382
63.4181780,10.4349650,126.6,2023-09-05T10:26:05Z,179,382
63.4181380,10.4349600,126.6,2023-09-05T10:26:06Z,179,380
63.4181050,10.4349570,126.6,2023-09-05T10:26:07Z,179,376
63.4180770,10.4349570,126.6,2023-09-05T10:26:08Z,179,372
63.4180450,10.4349520,126.6,2023-09-05T10:26:09Z,179,368
63.4180050,10.4349380,126.6,2023-09-05T10:26:10Z,179,368
63.4179770,10.4349250,127.7,2023-09-05T10:26:11Z,180,368
63.4179430,10.4348950,127.7,2023-09-05T10:26:12Z,180,370
63.4179100,10.4348650,127.7,2023-09-05T10:26:13Z,180,374
63.4178800,10.4348370,127.7,2023-09-05T10:26:14Z,180,374
63.4178500,10.4348030,127.7,2023-09-05T10:26:15Z,180,376
63.4178170,10.4347620,127.7,2023-09-05T10:26:16Z,180,378
63.4177970,10.4347280,127.7,2023-09-05T10:26:17Z,180,380
63.4177730,10.4346870,127.7,2023-09-05T10:26:18Z,180,378
63.4177470,10.4346470,127.7,2023-09-05T10:26:19Z,180,374
63.4177200,10.4346050,127.7,2023-09-05T10:26:20Z,180,370
63.4176930,10.4345600,127.7,2023-09-05T10:26:21Z,180,366
63.4176670,10.4345180,127.7,2023-09-05T10:26:22Z,180,362
63.4176420,10.4344800,127.7,2023-09-05T10:26:23Z,180,360
63.4176120,10.4344430,127.7,2023-09-05T10:26:24Z,180,360
63.4175830,10.4344120,127.7,2023-09-05T10:26:25Z,180,360
63.4175550,10.4343800,127.7,2023-09-05T10:26:26Z,180,360
63.4175300,10.4343420,127.7,2023-09-05T10:26:27Z,180,358
63.4175050,10.4343000,127.7,2023-09-05T10:26:28Z,180,358
63.4174800,10.4342650,127.7,2023-09-05T10:26:29Z,180,356
63.4174530,10.4342300,127.7,2023-09-05T10:26:30Z,180,352
63.4174270,10.4341900,128.6,2023-09-05T10:26:31Z,180,354
63.4174000,10.4341480,128.6,2023-09-05T10:26:32Z,180,356
63.4173720,10.4341070,128.6,2023-09-05T10:26:33Z,180,356
63.4173380,10.4340630,128.6,2023-09-05T10:26:34Z,180,358
63.4173150,10.4340400,128.6,2023-09-05T10:26:35Z,180,358
63.4172820,10.4340080,128.6,2023-09-05T10:26:36Z,180,360
63.4172580,10.4339900,128.6,2023-09-05T10:26:37Z,180,364
63.4172320,10.4339600,128.6,2023-09-05T10:26:38Z,180,366
63.4171970,10.4339170,129.7,2023-09-05T10:26:39Z,181,368
63.4171770,10.4338720,129.7,2023-09-05T10:26:40Z,181,370
63.4171500,10.4338370,129.7,2023-09-05T10:26:41Z,181,370
63.4171150,10.4338050,129.7,2023-09-05T10:26:42Z,181,370
63.4170850,10.4337680,129.7,2023-09-05T10:26:43Z,181,372
63.4170550,10.4337350,129.7,2023-09-05T10:26:44Z,181,374
63.4170230,10.4337020,129.7,2023-09-05T10:26:45Z,181,374
63.4169930,10.4336770,129.7,2023-09-05T10:26:46Z,181,374
63.4169630,10.4336480,129.7,2023-09-05T10:26:47Z,181,376
63.4169330,10.4336150,129.7,2023-09-05T10:26:48Z,181,374
63.4169030,10.4335800,129.7,2023-09-05T10:26:49Z,181,376
63.4168750,10.4335420,129.7,2023-09-05T10:26:50Z,180,374
63.4168470,10.4335030,129.7,2023-09-05T10:26:51Z,180,370
63.4168180,10.4334670,129.7,2023-09-05T10:26:52Z,179,368
63.4167930,10.4334280,129.7,2023-09-05T10:26:53Z,179,368
63.4167650,10.4333850,129.7,2023-09-05T10:26:54Z,180,366
63.4167370,10.4333450,129.7,2023-09-05T10:26:55Z,180,368
63.4167120,10.4333120,129.7,2023-09-05T10:26:56Z,180,366
63.4166820,10.4332770,129.7,2023-09-05T10:26:57Z,180,364
63.4166530,10.4332420,129.7,2023-09-05T10:26:58Z,180,366
63.4166230,10.4332050,129.7,2023-09-05T10:26:59Z,180,368
63.4165920,10.4331700,129.7,2023-09-05T10:27:00Z,180,370
63.4165620,10.4331370,129.7,2023-09-05T10:27:01Z,180,376
63.4165320,10.4331050,129.7,2023-09-05T10:27:02Z,181,380
63.4165000,10.4330730,130.6,2023-09-05T10:27:03Z,181,384
63.4164720,10.4330430,130.6,2023-09-05T10:27:04Z,181,388
63.4164420,10.4330100,130.6,2023-09-05T10:27:05Z,181,386
63.4164120,10.4329770,130.6,2023-09-05T10:27:06Z,181,384
63.4163800,10.4329470,130.6,2023-09-05T10:27:07Z,181,382
63.4163520,10.4329150,130.6,2023-09-05T10:27:08Z,181,380
63.4163220,10.4328830,130.6,2023-09-05T10:27:09Z,181,380
63.4162950,10.4328500,130.6,2023-09-05T10:27:10Z,181,380
63.4162650,10.4328170,130.6,2023-09-05T10:27:11Z,181,380
63.4162330,10.4327750,130.6,2023-09-05T10:27:12Z,181,378
63.4162130,10.4327430,130.6,2023-09-05T10:27:13Z,181,378
63.4161880,10.4327030,130.6,2023-09-05T10:27:14Z,181,378
63.4161620,10.4326600,130.6,2023-09-05T10:27:15Z,181,374
63.4161380,10.4326150,130.6,2023-09-05T10:27:16Z,182,376
63.4161200,10.4325630,131.7,2023-09-05T10:27:17Z,182,378
63.4161000,10.4325080,131.7,2023-09-05T10:27:18Z,182,380
63.4160770,10.4324380,131.7,2023-09-05T10:27:19Z,182,380
63.4160620,10.4323870,131.7,2023-09-05T10:27:20Z,182,382
63.4160470,10.4323220,131.7,2023-09-05T10:27:21Z,182,380
63.4160300,10.4322550,131.7,2023-09-05T10:27:22Z,182,382
63.4160120,10.4321850,131.7,2023-09-05T10:27:23Z,182,384
63.4159970,10.4321150,131.7,2023-09-05T10:27:24Z,182,382
63.4159780,10.4320430,131.7,2023-09-05T10:27:25Z,182,382
63.4159650,10.4319700,131.7,2023-09-05T10:27:26Z,182,384
63.4159550,10.4318920,131.7,2023-09-05T10:27:27Z,182,380
63.4159480,10.4318180,131.7,2023-09-05T10:27:28Z,182,380
63.4159380,10.4317430,131.7,2023-09-05T10:27:29Z,182,382
63.4159270,10.4316720,131.7,2023-09-05T10:27:30Z,182,380
63.4159080,10.4316100,131.7,2023-09-05T10:27:31Z,182,380
63.4158880,10.4315530,131.7,2023-09-05T10:27:32Z,182,376
63.4158620,10.4315100,131.7,2023-09-05T10:27:33Z,182,372
63.4158300,10.4314780,131.7,2023-09-05T10:27:34Z,182,364
63.4157970,10.4314550,131.7,2023-09-05T10:27:35Z,182,360
63.4157630,10.4314470,131.7,2023-09-05T10:27:36Z,182,354
63.4157300,10.4314530,131.7,2023-09-05T10:27:37Z,182,354
63.4156970,10.4314630,131.7,2023-09-05T10:27:38Z,182,358
63.4156650,10.4314770,131.7,2023-09-05T10:27:39Z,182,356
63.4156330,10.4314920,131.7,2023-09-05T10:27:40Z,182,358
63.4156000,10.4315130,131.7,2023-09-05T10:27:41Z,182,358
63.4155650,10.4315370,131.7,2023-09-05T10:27:42Z,182,360
63.4155320,10.4315570,131.7,2023-09-05T10:27:43Z,182,362
63.4154980,10.4315780,131.7,2023-09-05T10:27:44Z,182,364
63.4154630,10.4316020,131.7,2023-09-05T10:27:45Z,182,364
63.4154280,10.4316200,131.7,2023-09-05T10:27:46Z,182,366
63.4153930,10.4316380,131.7,2023-09-05T10:27:47Z,182,368
63.4153580,10.4316530,131.7,2023-09-05T10:27:48Z,182,372
63.4153250,10.4316700,131.7,2023-09-05T10:27:49Z,182,372
63.4152930,10.4316870,131.7,2023-09-05T10:27:50Z,182,372
63.4152580,10.4317080,131.7,2023-09-05T10:27:51Z,182,372
63.4152230,10.4317270,131.7,2023-09-05T10:27:52Z,182,374
63.4151850,10.4317470,132.7,2023-09-05T10:27:53Z,182,382
63.4151500,10.4317600,132.7,2023-09-05T10:27:54Z,182,384
63.4151130,10.4317750,132.7,2023-09-05T10:27:55Z,182,390
63.4150780,10.4317900,132.7,2023-09-05T10:27:56Z,182,394
63.4150470,10.4318080,132.7,2023-09-05T10:27:57Z,183,400
63.4150150,10.4318250,132.7,2023-09-05T10:27:58Z,183,406
63.4149830,10.4318430,132.7,2023-09-05T10:27:59Z,183,408
63.4149520,10.4318600,132.7,2023-09-05T10:28:00Z,183,410
63.4149200,10.4318730,132.7,2023-09-05T10:28:01Z,183,410
63.4148850,10.4318850,133.7,2023-09-05T10:28:02Z,183,408
63.4148480,10.4318950,133.7,2023-09-05T10:28:03Z,183,408
63.4148150,10.4319030,133.7,2023-09-05T10:28:04Z,183,410
63.4147830,10.4319170,133.7,2023-09-05T10:28:05Z,183,408
63.4147530,10.4319300,133.7,2023-09-05T10:28:06Z,183,408
63.4147200,10.4319480,133.7,2023-09-05T10:28:07Z,183,410
63.4146830,10.4319670,133.7,2023-09-05T10:28:08Z,183,406
63.4146520,10.4319720,133.7,2023-09-05T10:28:09Z,183,400
63.4146200,10.4319820,133.7,2023-09-05T10:28:10Z,183,398
63.4145880,10.4319900,133.7,2023-09-05T10:28:11Z,183,394
63.4145570,10.4319980,133.7,2023-09-05T10:28:12Z,183,392
63.4145220,10.4320100,133.7,2023-09-05T10:28:13Z,183,390
63.4144880,10.4320270,134.7,2023-09-05T10:28:14Z,183,386
63.4144570,10.4320420,134.7,2023-09-05T10:28:15Z,183,382
63.4144230,10.4320620,134.7,2023-09-05T10:28:16Z,183,382
63.4143900,10.4320880,134.7,2023-09-05T10:28:17Z,183,378
63.4143580,10.4321180,134.7,2023-09-05T10:28:18Z,183,372
63.4143220,10.4321470,134.7,2023-09-05T10:28:19Z,183,372
63.4142830,10.4321720,134.7,2023-09-05T10:28:20Z,183,370
63.4142470,10.4321830,134.7,2023-09-05T10:28:21Z,182,370
63.4142130,10.4321970,134.7,2023-09-05T10:28:22Z,182,376
63.4141800,10.4322220,134.7,2023-09-05T10:28:23Z,182,380
63.4141450,10.4322480,134.7,2023-09-05T10:28:24Z,182,382
63.4141130,10.4322620,134.7,2023-09-05T10:28:25Z,182,388
63.4140870,10.4322700,134.7,2023-09-05T10:28:26Z,182,388
63.4140530,10.4322800,134.7,2023-09-05T10:28:27Z,182,390
63.4140200,10.4323150,134.7,2023-09-05T10:28:28Z,182,394
63.4139870,10.4323430,134.7,2023-09-05T10:28:29Z,183,390
63.4139630,10.4323630,134.7,2023-09-05T10:28:30Z,183,386
63.4139350,10.4323770,134.7,2023-09-05T10:28:31Z,183,384
63.4139020,10.4324050,135.6,2023-09-05T10:28:32Z,183,378
63.4138700,10.4324220,135.6,2023-09-05T10:28:33Z,183,374
63.4138430,10.4324520,135.6,2023-09-05T10:28:34Z,183,372
63.4138150,10.4324870,135.6,2023-09-05T10:28:35Z,183,370
63.4137830,10.4325300,135.6,2023-09-05T10:28:36Z,183,366
63.4137520,10.4325670,135.6,2023-09-05T10:28:37Z,183,368
63.4137250,10.4326030,135.6,2023-09-05T10:28:38Z,183,366
63.4136980,10.4326370,135.6,2023-09-05T10:28:39Z,183,360
63.4136700,10.4326620,135.6,2023-09-05T10:28:40Z,183,350
63.4136370,10.4326830,135.6,2023-09-05T10:28:41Z,183,344
63.4135980,10.4326950,135.6,2023-09-05T10:28:42Z,182,336
63.4135670,10.4327150,135.6,2023-09-05T10:28:43Z,182,328
63.4135380,10.4327350,134.7,2023-09-05T10:28:44Z,180,322
63.4135080,10.4327500,134.7,2023-09-05T10:28:45Z,179,312
63.4134750,10.4327670,134.7,2023-09-05T10:28:46Z,177,304
63.4134430,10.4327680,134.7,2023-09-05T10:28:47Z,177,300
63.4134130,10.4327530,133.7,2023-09-05T10:28:48Z,177,296
63.4133830,10.4327250,133.7,2023-09-05T10:28:49Z,178,290
63.4133480,10.4326880,133.7,2023-09-05T10:28:50Z,178,284
63.4133180,10.4326580,133.7,2023-09-05T10:28:51Z,178,282
63.4132870,10.4326230,132.7,2023-09-05T10:28:52Z,179,278
63.4132580,10.4325850,132.7,2023-09-05T10:28:53Z,179,278
63.4132350,10.4325380,132.7,2023-09-05T10:28:54Z,179,280
63.4132230,10.4324670,132.7,2023-09-05T10:28:55Z,182,282
63.4132530,10.4322800,132.7,2023-09-05T10:28:56Z,182,286
63.4132830,10.4321620,132.7,2023-09-05T10:28:57Z,182,288
63.4132930,10.4320750,132.7,2023-09-05T10:28:58Z,182,292
63.4133070,10.4319970,132.7,2023-09-05T10:28:59Z,182,296
63.4133220,10.4319100,132.7,2023-09-05T10:29:00Z,182,298
63.4133320,10.4318020,132.7,2023-09-05T10:29:01Z,181,304
63.4133380,10.4317170,132.7,2023-09-05T10:29:02Z,181,306
63.4133480,10.4316200,132.7,2023-09-05T10:29:03Z,181,310
63.4133580,10.4315270,132.7,2023-09-05T10:29:04Z,181,312
63.4133720,10.4314420,132.7,2023-09-05T10:29:05Z,181,314
63.4133850,10.4313570,132.7,2023-09-05T10:29:06Z,180,314
63.4133950,10.4312680,132.7,2023-09-05T10:29:07Z,180,314
63.4134100,10.4311870,132.7,2023-09-05T10:29:08Z,180,316
63.4134250,10.4311070,132.7,2023-09-05T10:29:09Z,180,318
63.4134400,10.4310350,132.7,2023-09-05T10:29:10Z,180,320
63.4134530,10.4309630,132.7,2023-09-05T10:29:11Z,180,324
63.4134720,10.4308880,132.7,2023-09-05T10:29:12Z,180,324
63.4134830,10.4308080,132.7,2023-09-05T10:29:13Z,180,324
63.4134930,10.4307250,132.7,2023-09-05T10:29:14Z,180,320
63.4135020,10.4306520,132.7,2023-09-05T10:29:15Z,180,316
63.4135100,10.4305750,131.7,2023-09-05T10:29:16Z,180,310
63.4135200,10.4305000,131.7,2023-09-05T10:29:17Z,180,302
63.4135300,10.4304200,131.7,2023-09-05T10:29:18Z,180,296
63.4135380,10.4303400,131.7,2023-09-05T10:29:19Z,180,294
63.4135500,10.4302650,130.6,2023-09-05T10:29:20Z,180,292
63.4135630,10.4301880,130.6,2023-09-05T10:29:21Z,179,292
63.4135750,10.4301080,130.6,2023-09-05T10:29:22Z,179,292
63.4135830,10.4300320,130.6,2023-09-05T10:29:23Z,179,292
63.4135930,10.4299570,130.6,2023-09-05T10:29:24Z,179,290
63.4136050,10.4298780,130.6,2023-09-05T10:29:25Z,179,290
63.4136170,10.4297950,130.6,2023-09-05T10:29:26Z,179,286
63.4136300,10.4297120,130.6,2023-09-05T10:29:27Z,180,280
63.4136420,10.4296300,129.7,2023-09-05T10:29:28Z,180,274
63.4136550,10.4295580,129.7,2023-09-05T10:29:29Z,180,272
63.4136670,10.4294870,129.7,2023-09-05T10:29:30Z,180,268
63.4136750,10.4294130,129.7,2023-09-05T10:29:31Z,180,266
63.4136880,10.4293420,128.6,2023-09-05T10:29:32Z,180,266
63.4137020,10.4292770,128.6,2023-09-05T10:29:33Z,180,270
63.4137170,10.4292080,128.6,2023-09-05T10:29:34Z,180,270
63.4137300,10.4291430,128.6,2023-09-05T10:29:35Z,180,270
63.4137400,10.4290620,128.6,2023-09-05T10:29:36Z,180,270
63.4137530,10.4289800,128.6,2023-09-05T10:29:37Z,180,268
63.4137650,10.4289050,127.7,2023-09-05T10:29:38Z,180,264
63.4137830,10.4288370,127.7,2023-09-05T10:29:39Z,180,258
63.4137980,10.4287700,126.6,2023-09-05T10:29:40Z,180,256
63.4138130,10.4287000,126.6,2023-09-05T10:29:41Z,179,254
63.4138250,10.4286270,126.6,2023-09-05T10:29:42Z,179,252
63.4138380,10.4285500,126.6,2023-09-05T10:29:43Z,179,250
63.4138500,10.4284600,125.7,2023-09-05T10:29:44Z,179,246
63.4138600,10.4283600,125.7,2023-09-05T10:29:45Z,179,244
63.4138700,10.4282750,124.7,2023-09-05T10:29:46Z,179,242
63.4138930,10.4282200,124.7,2023-09-05T10:29:47Z,179,242
63.4139070,10.4281430,124.7,2023-09-05T10:29:48Z,179,240
63.4139250,10.4280700,124.7,2023-09-05T10:29:49Z,179,240
63.4139400,10.4280000,123.8,2023-09-05T10:29:50Z,179,242
63.4139600,10.4279370,123.8,2023-09-05T10:29:51Z,179,242
63.4139770,10.4278730,123.8,2023-09-05T10:29:52Z,179,240
63.4139980,10.4277980,123.8,2023-09-05T10:29:53Z,179,238
63.4140220,10.4277400,122.7,2023-09-05T10:29:54Z,179,236
63.4140400,10.4276780,122.7,2023-09-05T10:29:55Z,179,234
63.4140570,10.4276000,121.6,2023-09-05T10:29:56Z,178,232
63.4140720,10.4275320,121.6,2023-09-05T10:29:57Z,178,228
63.4140820,10.4274620,120.7,2023-09-05T10:29:58Z,178,224
63.4140930,10.4273850,120.7,2023-09-05T10:29:59Z,178,222
63.4140930,10.4272930,119.6,2023-09-05T10:30:00Z,177,222
63.4140970,10.4272200,119.6,2023-09-05T10:30:01Z,177,222
63.4140980,10.4271450,119.6,2023-09-05T10:30:02Z,177,220
63.4140970,10.4270580,119.6,2023-09-05T10:30:03Z,177,218
63.4140970,10.4269850,118.7,2023-09-05T10:30:04Z,177,216
63.4140920,10.4269020,118.7,2023-09-05T10:30:05Z,177,216
63.4140820,10.4268280,117.7,2023-09-05T10:30:06Z,176,216
63.4140680,10.4267370,117.7,2023-09-05T10:30:07Z,176,216
63.4140570,10.4266550,117.7,2023-09-05T10:30:08Z,176,218
63.4140420,10.4265630,117.7,2023-09-05T10:30:09Z,176,220
63.4140320,10.4264850,116.7,2023-09-05T10:30:10Z,176,222
63.4140270,10.4264080,116.7,2023-09-05T10:30:11Z,176,226
63.4140170,10.4263300,116.7,2023-09-05T10:30:12Z,176,228
63.4140080,10.4262480,116.7,2023-09-05T10:30:13Z,176,228
63.4139950,10.4261780,115.7,2023-09-05T10:30:14Z,176,228
63.4139870,10.4261130,115.7,2023-09-05T10:30:15Z,175,224
63.4139830,10.4260380,115.7,2023-09-05T10:30:16Z,175,222
63.4139830,10.4259600,115.7,2023-09-05T10:30:17Z,175,218
63.4139850,10.4259030,115.7,2023-09-05T10:30:18Z,175,212
63.4139770,10.4258230,115.7,2023-09-05T10:30:19Z,175,210
63.4139670,10.4257280,111.7,2023-09-05T10:30:20Z,175,208
63.4139680,10.4256500,111.7,2023-09-05T10:30:21Z,175,208
63.4139720,10.4255700,110.6,2023-09-05T10:30:22Z,175,208
63.4139800,10.4254870,110.6,2023-09-05T10:30:23Z,175,210
63.4139830,10.4254330,109.7,2023-09-05T10:30:24Z,175,210
63.4139880,10.4253600,109.7,2023-09-05T10:30:25Z,175,208
63.4139950,10.4252750,108.7,2023-09-05T10:30:26Z,174,206
63.4140020,10.4252150,108.7,2023-09-05T10:30:27Z,174,206
63.4140080,10.4251370,107.7,2023-09-05T10:30:28Z,174,204
63.4140120,10.4250400,107.7,2023-09-05T10:30:29Z,174,206
63.4140170,10.4249670,106.7,2023-09-05T10:30:30Z,173,206
63.4140220,10.4248970,106.7,2023-09-05T10:30:31Z,173,206
63.4140200,10.4248130,105.6,2023-09-05T10:30:32Z,172,206
63.4140230,10.4247450,105.6,2023-09-05T10:30:33Z,172,208
63.4140220,10.4246870,104.7,2023-09-05T10:30:34Z,172,208
63.4140180,10.4246080,104.7,2023-09-05T10:30:35Z,172,210
63.4140170,10.4245230,104.7,2023-09-05T10:30:36Z,172,214
63.4140150,10.4244420,104.7,2023-09-05T10:30:37Z,172,218
63.4140100,10.4243570,104.7,2023-09-05T10:30:38Z,172,222
63.4140070,10.4242970,104.7,2023-09-05T10:30:39Z,172,224
63.4140050,10.4242280,103.6,2023-09-05T10:30:40Z,172,224
63.4140080,10.4241550,103.6,2023-09-05T10:30:41Z,171,224
63.4140150,10.4240830,102.7,2023-09-05T10:30:42Z,170,224
63.4140270,10.4240070,102.7,2023-09-05T10:30:43Z,170,224
63.4140370,10.4239220,102.7,2023-09-05T10:30:44Z,170,224
63.4140400,10.4238400,102.7,2023-09-05T10:30:45Z,170,224
63.4140430,10.4237750,102.7,2023-09-05T10:30:46Z,169,222
63.4140530,10.4237050,102.7,2023-09-05T10:30:47Z,169,222
63.4140550,10.4236370,102.7,2023-09-05T10:30:48Z,169,220
63.4140380,10.4235200,102.7,2023-09-05T10:30:49Z,169,218
63.4140120,10.4233930,98.6,2023-09-05T10:30:50Z,168,218
63.4140030,10.4233020,98.6,2023-09-05T10:30:51Z,168,228
63.4139920,10.4232230,97.7,2023-09-05T10:30:52Z,168,232
63.4139830,10.4231650,97.7,2023-09-05T10:30:53Z,168,234
63.4139630,10.4230650,96.6,2023-09-05T10:30:54Z,168,236
63.4139580,10.4230120,96.6,2023-09-05T10:30:55Z,168,236
63.4139500,10.4229570,95.7,2023-09-05T10:30:56Z,168,234
63.4139370,10.4228930,95.7,2023-09-05T10:30:57Z,168,230
63.4139300,10.4228300,95.7,2023-09-05T10:30:58Z,168,228
63.4139250,10.4227570,95.7,2023-09-05T10:30:59Z,168,222
63.4139220,10.4226680,94.6,2023-09-05T10:31:00Z,167,220
63.4139130,10.4225950,94.6,2023-09-05T10:31:01Z,167,222
63.4139020,10.4225050,93.7,2023-09-05T10:31:02Z,167,224
63.4139030,10.4224230,93.7,2023-09-05T10:31:03Z,167,224
63.4139050,10.4223300,92.7,2023-09-05T10:31:04Z,167,226
63.4139050,10.4222620,92.7,2023-09-05T10:31:05Z,167,226
63.4139030,10.4221750,91.7,2023-09-05T10:31:06Z,166,224
63.4139030,10.4220870,91.7,2023-09-05T10:31:07Z,166,226
63.4139050,10.4220120,90.7,2023-09-05T10:31:08Z,166,228
63.4139020,10.4219280,90.7,2023-09-05T10:31:09Z,166,230
63.4139030,10.4218530,90.7,2023-09-05T10:31:10Z,166,234
63.4139000,10.4217770,90.7,2023-09-05T10:31:11Z,166,236
63.4138980,10.4216870,89.6,2023-09-05T10:31:12Z,166,234
63.4139020,10.4216080,89.6,2023-09-05T10:31:13Z,166,236
63.4138970,10.4215250,88.7,2023-09-05T10:31:14Z,164,236
63.4138900,10.4214500,88.7,2023-09-05T10:31:15Z,164,236
63.4138770,10.4213870,87.6,2023-09-05T10:31:16Z,163,238
63.4138530,10.4213020,87.6,2023-09-05T10:31:17Z,163,244
63.4138250,10.4212230,87.6,2023-09-05T10:31:18Z,162,250
63.4138070,10.4211470,87.6,2023-09-05T10:31:19Z,161,258
63.4137920,10.4210780,87.6,2023-09-05T10:31:20Z,161,266
63.4137820,10.4210170,87.6,2023-09-05T10:31:21Z,160,276
63.4137620,10.4209120,87.6,2023-09-05T10:31:22Z,160,286
63.4137500,10.4208370,87.6,2023-09-05T10:31:23Z,159,294
63.4137400,10.4207580,87.6,2023-09-05T10:31:24Z,160,302
63.4137400,10.4206870,87.6,2023-09-05T10:31:25Z,160,308
63.4137370,10.4206100,86.7,2023-09-05T10:31:26Z,161,312
63.4137300,10.4205180,86.7,2023-09-05T10:31:27Z,161,314
63.4137270,10.4204430,86.7,2023-09-05T10:31:28Z,161,316
63.4137200,10.4203420,86.7,2023-09-05T10:31:29Z,161,320
63.4137180,10.4202650,86.7,2023-09-05T10:31:30Z,161,322
63.4137020,10.4201550,86.7,2023-09-05T10:31:31Z,161,324
63.4136870,10.4200780,86.7,2023-09-05T10:31:32Z,161,330
63.4136680,10.4200020,86.7,2023-09-05T10:31:33Z,161,336
63.4136550,10.4199380,86.7,2023-09-05T10:31:34Z,161,340
63.4136420,10.4198530,86.7,2023-09-05T10:31:35Z,161,340
63.4136350,10.4197730,86.7,2023-09-05T10:31:36Z,159,342
63.4136320,10.4196930,86.7,2023-09-05T10:31:37Z,160,346
63.4136300,10.4196230,86.7,2023-09-05T10:31:38Z,160,348
63.4136400,10.4195570,86.7,2023-09-05T10:31:39Z,160,352
63.4136500,10.4194900,86.7,2023-09-05T10:31:40Z,160,358
63.4136650,10.4194200,86.7,2023-09-05T10:31:41Z,160,364
63.4136800,10.4193430,86.7,2023-09-05T10:31:42Z,160,364
63.4136900,10.4192620,86.7,2023-09-05T10:31:43Z,160,372
63.4136950,10.4191780,86.7,2023-09-05T10:31:44Z,160,374
63.4136980,10.4191020,86.7,2023-09-05T10:31:45Z,160,370
63.4136950,10.4190330,86.7,2023-09-05T10:31:46Z,160,364
63.4136830,10.4189620,86.7,2023-09-05T10:31:47Z,161,354
63.4136700,10.4188920,85.7,2023-09-05T10:31:48Z,161,342
63.4136550,10.4188130,85.7,2023-09-05T10:31:49Z,162,326
63.4136400,10.4187330,84.7,2023-09-05T10:31:50Z,163,318
63.4136250,10.4186470,84.7,2023-09-05T10:31:51Z,163,310
63.4136030,10.4185330,84.7,2023-09-05T10:31:52Z,164,308
63.4135950,10.4184530,84.7,2023-09-05T10:31:53Z,163,306
63.4135850,10.4183730,83.7,2023-09-05T10:31:54Z,163,300
63.4135780,10.4182780,83.7,2023-09-05T10:31:55Z,163,298
63.4135770,10.4182070,82.8,2023-09-05T10:31:56Z,163,296
63.4135770,10.4181230,82.8,2023-09-05T10:31:57Z,163,294
63.4135770,10.4180380,82.8,2023-09-05T10:31:58Z,163,288
63.4135750,10.4179580,82.8,2023-09-05T10:31:59Z,163,288
63.4135720,10.4178770,81.7,2023-09-05T10:32:00Z,163,284
63.4135730,10.4177970,81.7,2023-09-05T10:32:01Z,163,284
63.4135770,10.4177170,81.7,2023-09-05T10:32:02Z,162,286
63.4135930,10.4176430,81.7,2023-09-05T10:32:03Z,162,286
63.4136120,10.4175850,81.7,2023-09-05T10:32:04Z,163,286
63.4136350,10.4175450,81.7,2023-09-05T10:32:05Z,163,286
63.4136620,10.4175120,81.7,2023-09-05T10:32:06Z,163,290
63.4136870,10.4174870,81.7,2023-09-05T10:32:07Z,164,262
63.4137050,10.4174570,79.7,2023-09-05T10:32:08Z,165,264
63.4137180,10.4174200,79.7,2023-09-05T10:32:09Z,165,264
63.4137320,10.4173780,80.6,2023-09-05T10:32:10Z,166,268
63.4137420,10.4173270,80.6,2023-09-05T10:32:11Z,166,266
63.4137470,10.4172650,80.6,2023-09-05T10:32:12Z,166,268
63.4137480,10.4171800,80.6,2023-09-05T10:32:13Z,166,274
63.4137480,10.4171220,80.6,2023-09-05T10:32:14Z,165,282
63.4137470,10.4170330,80.6,2023-09-05T10:32:15Z,165,298
63.4137400,10.4169620,80.6,2023-09-05T10:32:16Z,165,312
63.4137380,10.4169020,80.6,2023-09-05T10:32:17Z,165,320
63.4137380,10.4168220,80.6,2023-09-05T10:32:18Z,165,322
63.4137400,10.4167330,80.6,2023-09-05T10:32:19Z,164,320
63.4137430,10.4166780,79.7,2023-09-05T10:32:20Z,164,314
63.4137480,10.4166080,79.7,2023-09-05T10:32:21Z,164,306
63.4137600,10.4165420,79.7,2023-09-05T10:32:22Z,163,296
63.4137800,10.4164620,79.7,2023-09-05T10:32:23Z,164,288
63.4137930,10.4164030,78.6,2023-09-05T10:32:24Z,164,276
63.4138150,10.4163180,78.6,2023-09-05T10:32:25Z,164,266
63.4138270,10.4162620,77.7,2023-09-05T10:32:26Z,164,262
63.4138480,10.4161980,77.7,2023-09-05T10:32:27Z,165,256
63.4138700,10.4161380,77.7,2023-09-05T10:32:28Z,165,254
63.4138980,10.4160730,77.7,2023-09-05T10:32:29Z,166,252
63.4139330,10.4160270,76.7,2023-09-05T10:32:30Z,166,252
63.4139600,10.4159680,76.7,2023-09-05T10:32:31Z,167,254
63.4139800,10.4159070,76.7,2023-09-05T10:32:32Z,167,260
63.4140070,10.4158830,76.7,2023-09-05T10:32:33Z,167,260
63.4140330,10.4158780,75.7,2023-09-05T10:32:34Z,167,260
63.4140630,10.4158930,75.7,2023-09-05T10:32:35Z,167,260
63.4140870,10.4159180,75.7,2023-09-05T10:32:36Z,167,258
63.4141170,10.4159480,75.7,2023-09-05T10:32:37Z,167,248
63.4141470,10.4159880,75.7,2023-09-05T10:32:38Z,167,248
63.4141780,10.4160200,75.7,2023-09-05T10:32:39Z,167,254
63.4142120,10.4160550,75.7,2023-09-05T10:32:40Z,167,268
63.4142420,10.4160800,75.7,2023-09-05T10:32:41Z,166,284
63.4142700,10.4161030,75.7,2023-09-05T10:32:42Z,166,304
63.4143020,10.4161220,75.7,2023-09-05T10:32:43Z,165,320
